{
  "feature_names": [
    "faceAspectRatio",
    "faceTaperRatio",
    "lowerFaceFullness",
    "upperFaceRatio",
    "midFaceRatio",
    "lowerFaceRatio",
    "gonialAngle",
    "intercanthalRatio",
    "eyeFissureRatio",
    "eyeCanthalTilt",
    "eyebrowThickness",
    "browEyeDistance",
    "nasalWidthRatio",
    "nasalHeightRatio",
    "mouthWidthRatio",
    "mouthCornerAngle",
    "lipFullnessRatio",
    "philtrumLength",
    "eyebrowLength",
    "eyebrowTiltDirection",
    "eyebrowCurvature",
    "browSpacing",
    "eyeAspect",
    "upperVsLowerLipRatio",
    "chinAngle",
    "foreheadWidth",
    "cheekboneWidth",
    "noseBridgeRatio"
  ],
  "mu": [
    1.2568860076347654,
    0.7969967035463299,
    0.5095043294324586,
    0.31044432676599504,
    0.2937628744835333,
    0.3967558193712185,
    140.74260941661282,
    0.24525281083548572,
    0.2004475605908009,
    5.264321313094323,
    0.034869011491537094,
    0.13463437341985546,
    0.9928169143972709,
    0.26780295634625256,
    0.4085514409468037,
    6.556868827692652,
    0.1275360337950956,
    0.07929022530392675,
    1.5008478572517303,
    0.011614948644698433,
    0.03932930548676047,
    0.19106239107976208,
    0.2686794708963389,
    0.5839978304363572,
    170.59208008218698,
    0.8551039081916216,
    0.9166935452663872,
    0.9107929897890145
  ],
  "sd": [
    0.06265166899265404,
    0.02341803589266096,
    0.016131380228021037,
    0.01320053944009869,
    0.016118195434903473,
    0.02549061479725347,
    4.480248148190561,
    0.013918302020803436,
    0.00980334895149211,
    1.9086616211190692,
    0.0031770191413948677,
    0.014932551803214452,
    0.09138814719746571,
    0.019495150875993617,
    0.05108463366915355,
    5.262851900447146,
    0.025357913939838064,
    0.014613462239999158,
    0.056500490592622014,
    0.013837712206577077,
    0.003432237378554753,
    0.01004055830992907,
    0.05233837457078025,
    0.08968264887818522,
    2.65386385018077,
    0.03045182400978662,
    0.011046717514688425,
    0.02032214860321927
  ]
}