file,label,class_idx,confidence,faceAspectRatio,faceTaperRatio,lowerFaceFullness,upperFaceRatio,midFaceRatio,lowerFaceRatio,gonialAngle,intercanthalRatio,eyeFissureRatio,eyeCanthalTilt,eyebrowThickness,browEyeDistance,nasalWidthRatio,nasalHeightRatio,mouthWidthRatio,mouthCornerAngle,lipFullnessRatio,philtrumLength,eyebrowLength,eyebrowTiltDirection,eyebrowCurvature,browSpacing,eyeAspect,upperVsLowerLipRatio,chinAngle,foreheadWidth,cheekboneWidth,noseBridgeRatio
05200A40.jpg,Round,3,high,1.4359374046325684,0.8458895087242126,0.5436375737190247,0.2738015353679657,0.28300797939300537,0.4491990804672241,141.89328002929688,0.2312542200088501,0.19628527760505676,4.508869171142578,0.02799026295542717,0.1295575052499771,1.193534016609192,0.25514161586761475,0.4566669464111328,9.532629013061523,0.1614081859588623,0.08427245169878006,1.4449758529663086,0.006964641623198986,0.03671117126941681,0.1728217899799347,0.29820749163627625,0.6999725103378296,167.46607971191406,0.812529981136322,0.9126769304275513,0.9015350937843323
12777A62.jpg,Square,4,low,1.1408467292785645,0.8215541839599609,0.5446968674659729,0.2633751928806305,0.27211856842041016,0.46458113193511963,139.52566528320312,0.234633669257164,0.1964522749185562,-1.571044921875,0.03154730424284935,0.12534460425376892,0.8430950045585632,0.2356216013431549,0.361296683549881,-1.5832494497299194,0.15994015336036682,0.1305484026670456,1.4669137001037598,-0.02704022452235222,0.03070654906332493,0.1750296950340271,0.15332713723182678,0.6566718220710754,170.1993408203125,0.8497772216796875,0.8986498713493347,0.8658784627914429
02720A27.jpg,Oval,2,low,1.3186041116714478,0.7597686648368835,0.4821571409702301,0.33911454677581787,0.3332083523273468,0.32865867018699646,147.34971618652344,0.3185397684574127,0.20391114056110382,8.653268814086914,0.03416759893298149,0.1296074539422989,0.777808666229248,0.310528039932251,0.3303099572658539,5.007843017578125,0.09563349187374115,0.10701141506433487,1.4807318449020386,0.00993276946246624,0.03665361553430557,0.21856026351451874,0.38614872097969055,0.5877746343612671,167.23611450195312,0.8863941431045532,0.947157621383667,0.9319335222244263
03782A32.jpg,Oblong,1,high,1.2753225564956665,0.7865374684333801,0.49822428822517395,0.3219907581806183,0.3097180724143982,0.3690367043018341,139.64694213867188,0.27139344811439514,0.2067546248435974,5.436755180358887,0.035234253853559494,0.1487390249967575,0.8891984820365906,0.28132128715515137,0.3366117477416992,-0.46895861625671387,0.1080198734998703,0.08831284940242767,1.4692260026931763,0.002801713068038225,0.04273593798279762,0.20725081861019135,0.28773319721221924,0.66845703125,172.4228973388672,0.884598433971405,0.9326804280281067,0.908314049243927
11425A43.jpg,Oblong,1,high,1.2518529891967773,0.7886649966239929,0.5084956884384155,0.31656259298324585,0.3244894742965698,0.35896068811416626,144.43255615234375,0.2634753882884979,0.1933264285326004,7.74949312210083,0.037139441817998886,0.11535999923944473,0.8971419930458069,0.30533647537231445,0.3117668628692627,3.379434108734131,0.10303062945604324,0.09434289485216141,1.5240740776062012,0.014584094285964966,0.03281107172369957,0.20341457426548004,0.42588624358177185,0.5103850960731506,168.39797973632812,0.8917779326438904,0.9043805599212646,0.94097501039505
08762A25.jpg,Square,4,low,1.3551762104034424,0.8026551008224487,0.5177370309829712,0.29246118664741516,0.30856049060821533,0.4107537865638733,150.56227111816406,0.2338705211877823,0.1911732256412506,7.683454990386963,0.035618122667074203,0.11330818384885788,0.9558638334274292,0.28572341799736023,0.31459033489227295,1.3997972011566162,0.13361148536205292,0.09906884282827377,1.5028256177902222,0.0017410394502803683,0.033625707030296326,0.17531302571296692,0.4137214422225952,0.6474852561950684,165.4641876220703,0.8566944599151611,0.8902851939201355,0.9259883761405945
09845A32.jpg,Round,3,high,1.2514159679412842,0.7810264229774475,0.5074180364608765,0.27434760332107544,0.2641126215457916,0.4631458520889282,136.40310668945312,0.25455543398857117,0.1794806867837906,-0.7830877304077148,0.032452333718538284,0.1596706360578537,0.8769818544387817,0.21633842587471008,0.3274291753768921,-10.769885063171387,0.1256486475467682,0.11307260394096375,1.6521700620651245,-0.03003605455160141,0.03993271291255951,0.18482166528701782,0.28570276498794556,0.882908046245575,174.28790283203125,0.8523304462432861,0.9176470637321472,0.8191143274307251
09920A32.jpg,Square,4,low,1.2106508016586304,0.8061528205871582,0.5145183205604553,0.29466184973716736,0.30058911442756653,0.4066721796989441,138.26046752929688,0.2467166632413864,0.1669382005929947,4.22691011428833,0.03689480200409889,0.14182892441749573,0.9993718266487122,0.2695423364639282,0.3695495128631592,3.023085594177246,0.09569071978330612,0.09353894740343094,1.684279203414917,-0.00656766165047884,0.03994777053594589,0.17018985748291016,0.3452000916004181,0.6552474498748779,172.0537872314453,0.8538441061973572,0.9015952944755554,0.8967134952545166
08659A23.jpg,Oblong,1,low,1.2335377931594849,0.7842102646827698,0.5014622211456299,0.3113972246646881,0.31043538451194763,0.3795973062515259,143.50112915039062,0.26848119497299194,0.18482132256031036,4.716669082641602,0.0360126718878746,0.144276961684227,0.9300326704978943,0.28384238481521606,0.3672257959842682,7.687351226806641,0.11200714856386185,0.09769458323717117,1.5979652404785156,0.0050537739880383015,0.03924683481454849,0.19598720967769623,0.26210227608680725,0.5610812902450562,170.6271209716797,0.8747717142105103,0.9170106649398804,0.9143364429473877
01202A19.jpg,Oval,2,low,1.1627196073532104,0.8218364119529724,0.5327826738357544,0.3012796938419342,0.30289021134376526,0.3959111273288727,134.04229736328125,0.27077919244766235,0.19217051565647125,1.4987895488739014,0.03547413647174835,0.15811878442764282,0.934431254863739,0.27782097458839417,0.41871869564056396,3.9091525077819824,0.14433126151561737,0.05755528435111046,1.520345687866211,0.005775175988674164,0.036948155611753464,0.20403538644313812,0.1581842452287674,0.5337218046188354,171.78199768066406,0.8549780249595642,0.8932451009750366,0.9172333478927612
07631A06.jpg,Round,3,high,1.1353358030319214,0.7995477914810181,0.5106169581413269,0.3133346736431122,0.3071940541267395,0.3811146020889282,139.94317626953125,0.24130572378635406,0.19306322932243347,7.097788333892822,0.03682847321033478,0.1354943960905075,0.9332270622253418,0.28442734479904175,0.3179403841495514,-0.7122945785522461,0.11404744535684586,0.07839293032884598,1.4804773330688477,0.0010701874271035194,0.03687665984034538,0.19397811591625214,0.38855281472206116,0.5276256799697876,168.82913208007812,0.8765811324119568,0.9029656052589417,0.925888180732727
10051A33.jpg,Oblong,1,low,1.1942681074142456,0.8262715935707092,0.5333380699157715,0.2897212505340576,0.29691559076309204,0.4135148525238037,130.99618530273438,0.2359589785337448,0.1874089241027832,2.5441246032714844,0.034059297293424606,0.15626460313796997,1.001388430595398,0.2604736089706421,0.37794604897499084,-2.659062385559082,0.11947881430387497,0.09730596095323563,1.543226957321167,-0.016901126131415367,0.0373288094997406,0.17604821920394897,0.1878984123468399,0.7261062860488892,176.70140075683594,0.8402307033538818,0.8933277726173401,0.8772648572921753
00355A07.jpg,Oval,2,high,1.1125926971435547,0.7908597588539124,0.5011939406394958,0.3056562542915344,0.27984967827796936,0.41523823142051697,135.86825561523438,0.2501673400402069,0.17483560740947723,4.789656639099121,0.03695398196578026,0.1667345017194748,0.8224713802337646,0.24253329634666443,0.3381411135196686,-5.423692226409912,0.08842825144529343,0.0967651903629303,1.6624209880828857,-0.0017264564521610737,0.04022908955812454,0.1832234263420105,0.285975843667984,0.8575890064239502,172.87411499023438,0.8658714890480042,0.9103607535362244,0.8666555881500244
10385A35.jpg,Oblong,1,high,1.109240174293518,0.7817873954772949,0.492455393075943,0.31799909472465515,0.3072052299976349,0.37484803795814514,138.1517333984375,0.24867241084575653,0.18155163526535034,6.065065383911133,0.03640059009194374,0.13464859127998352,0.8782749176025391,0.2765776813030243,0.3323090374469757,-0.3960457444190979,0.11037713289260864,0.08967476338148117,1.5812069177627563,-0.0024529192596673965,0.04075005277991295,0.1747014969587326,0.31484630703926086,0.7272444367408752,174.09947204589844,0.8480685949325562,0.8947781324386597,0.9003027081489563
05258A40.jpg,Oval,2,high,1.2389625310897827,0.7821397185325623,0.49413546919822693,0.32637524604797363,0.29258912801742554,0.38125550746917725,142.77554321289062,0.24653658270835876,0.18804484605789185,7.755375862121582,0.03127275034785271,0.1330103725194931,0.9817835092544556,0.2691940665245056,0.38023054599761963,11.30441665649414,0.1413494050502777,0.07771387696266174,1.513695478439331,0.002201658906415105,0.037697892636060715,0.19019068777561188,0.3576827645301819,0.5438739657402039,168.28749084472656,0.7950108051300049,0.8971134424209595,0.9200412034988403
01783A23.jpg,Heart,0,low,1.2346984148025513,0.7538769841194153,0.4787145256996155,0.33101963996887207,0.33160221576690674,0.3373967409133911,147.3694305419922,0.3044957220554352,0.19739598035812378,6.085657119750977,0.035158805549144745,0.13926491141319275,0.8901938199996948,0.3146904408931732,0.39258718490600586,13.333413124084473,0.12497440725564957,0.06323979794979095,1.521807074546814,0.019850360229611397,0.04179540276527405,0.21475595235824585,0.30724385380744934,0.39406853914260864,167.61695861816406,0.8886183500289917,0.9326964616775513,0.94899982213974
06512A55.jpg,Round,3,high,1.2644195556640625,0.8435717821121216,0.5425474643707275,0.268606036901474,0.27848997712135315,0.4555872678756714,127.01362609863281,0.24597059190273285,0.16790631413459778,2.0907998085021973,0.029793519526720047,0.14233528077602386,0.8721511960029602,0.23430247604846954,0.376264363527298,-8.337976455688477,0.1326592117547989,0.10796867311000824,1.6363506317138672,-0.02940262295305729,0.044370386749506,0.17161868512630463,0.3715801537036896,0.8397051692008972,176.1791534423828,0.8132379651069641,0.9033260345458984,0.8413317799568176
05692A43.jpg,Oval,2,high,1.2893424034118652,0.7779121398925781,0.49862125515937805,0.317687451839447,0.31439629197120667,0.3679596185684204,145.86273193359375,0.2808385193347931,0.1857163906097412,9.23483657836914,0.03398051857948303,0.12462040036916733,0.9309999346733093,0.29314950108528137,0.38170668482780457,12.44764232635498,0.15113244950771332,0.059991806745529175,1.5432860851287842,0.029872195795178413,0.03954717144370079,0.19503700733184814,0.3025350570678711,0.49627426266670227,167.51828002929688,0.8443486094474792,0.9122232794761658,0.9324203729629517
09125A28.jpg,Oblong,1,low,1.2897549867630005,0.7852854132652283,0.5013518333435059,0.29509469866752625,0.30438706278800964,0.4033459424972534,141.26785278320312,0.24865758419036865,0.19500774145126343,5.491795063018799,0.03378071263432503,0.1509140580892563,0.8887254595756531,0.2695174515247345,0.3326391577720642,3.294947624206543,0.12630559504032135,0.10167460143566132,1.5164594650268555,0.009002712555229664,0.03955570608377457,0.1950766146183014,0.36718297004699707,0.6671251654624939,170.26036071777344,0.8747191429138184,0.912880003452301,0.8854432106018066
03863A32.jpg,Round,3,high,1.1980875730514526,0.8058439493179321,0.514548122882843,0.30164262652397156,0.28918713331222534,0.40920013189315796,138.38177490234375,0.266547292470932,0.19024735689163208,6.380776405334473,0.03154677152633667,0.15545184910297394,0.921802282333374,0.25915756821632385,0.3912888169288635,3.5582990646362305,0.158803790807724,0.08055592328310013,1.5230543613433838,0.005499152932316065,0.04444176331162453,0.19796589016914368,0.28895658254623413,0.5007484555244446,171.90403747558594,0.8110514283180237,0.9107989072799683,0.896158754825592
10926A38.jpg,Square,4,low,1.1705890893936157,0.8115357756614685,0.5274196863174438,0.28225722908973694,0.29608121514320374,0.4217132031917572,140.497314453125,0.2578437030315399,0.18961341679096222,0.8074743747711182,0.03577711805701256,0.14824244379997253,0.9869940876960754,0.2666982114315033,0.37299996614456177,6.961248397827148,0.07880667597055435,0.11174148321151733,1.5563960075378418,-0.005906532984226942,0.03180946037173271,0.19025994837284088,0.11892375349998474,0.46309709548950195,171.45582580566406,0.8674401640892029,0.9051275253295898,0.900760293006897
01559A22.jpg,Round,3,low,1.2341008186340332,0.7536174654960632,0.47416651248931885,0.3442310094833374,0.35340988636016846,0.3023724853992462,146.94593811035156,0.2596569359302521,0.20591677725315094,9.94509220123291,0.036969318985939026,0.12641844153404236,0.9193077683448792,0.33458223938941956,0.3796086013317108,15.16744613647461,0.07096182554960251,0.06999630481004715,1.4503769874572754,0.010901111178100109,0.03800756856799126,0.19832082092761993,0.344087153673172,0.5097898244857788,167.3491668701172,0.9063384532928467,0.9190943241119385,0.9467257857322693
06229A49.jpg,Round,3,low,1.2743961811065674,0.8185312151908875,0.5257027745246887,0.29188475012779236,0.30401164293289185,0.4041161835193634,138.7117919921875,0.23166555166244507,0.17439930140972137,5.913995742797852,0.031674761325120926,0.13833528757095337,1.0649149417877197,0.27537766098976135,0.4246082603931427,8.609718322753906,0.14283084869384766,0.08878941088914871,1.583248257637024,-0.008366934955120087,0.03661254793405533,0.18293537199497223,0.2760526239871979,0.5953922867774963,170.6230010986328,0.802937388420105,0.8893570899963379,0.9058127999305725
00604A10.jpg,Oval,2,high,1.0735048055648804,0.8320736885070801,0.5353991985321045,0.2792680263519287,0.2862420380115509,0.43681779503822327,137.23983764648438,0.23413939774036407,0.18177874386310577,5.808328628540039,0.03615320846438408,0.1469442993402481,0.8747523427009583,0.253833144903183,0.36216700077056885,2.2624142169952393,0.15220902860164642,0.09103880822658539,1.5430694818496704,-0.004656645935028791,0.03805292770266533,0.17861780524253845,0.30446887016296387,0.7395117282867432,170.7559814453125,0.8258610367774963,0.8984145522117615,0.8867780566215515
08019A12.jpg,Round,3,high,1.124004602432251,0.797809362411499,0.5220174193382263,0.2636513113975525,0.26039156317710876,0.47596198320388794,137.75442504882812,0.2596281170845032,0.17356140911579132,3.3179469108581543,0.031800221651792526,0.16387110948562622,0.901206910610199,0.21961285173892975,0.38893812894821167,-0.38616466522216797,0.19942441582679749,0.08237790316343307,1.6652911901474,-0.02154909074306488,0.040741872042417526,0.18437865376472473,0.1985435038805008,0.7419670820236206,171.66082763671875,0.8223235607147217,0.9134650826454163,0.8433946371078491
02256A26.jpg,Oval,2,high,1.2238661050796509,0.786785364151001,0.5071547627449036,0.30212101340293884,0.2944662570953369,0.4037201404571533,144.42630004882812,0.28205054998397827,0.1835835874080658,8.17829704284668,0.034647759050130844,0.14175762236118317,0.8806998133659363,0.266641229391098,0.33418741822242737,2.377821922302246,0.1185922846198082,0.09148425608873367,1.584359049797058,0.009985790587961674,0.03835150972008705,0.20658206939697266,0.3096033036708832,0.668168306350708,168.57754516601562,0.8572756052017212,0.9109696745872498,0.9055069088935852
10469A35.jpg,Round,3,low,1.1756352186203003,0.8420391082763672,0.5358584523200989,0.2903176248073578,0.276326984167099,0.4347932040691376,129.52662658691406,0.24678421020507812,0.17687968909740448,3.3892884254455566,0.03375162184238434,0.12401574105024338,0.9935994744300842,0.23703674972057343,0.344807893037796,-6.782313346862793,0.14117522537708282,0.09173871576786041,1.6241391897201538,-0.009070545434951782,0.03774368762969971,0.16871194541454315,0.2673047184944153,0.8059782385826111,175.84564208984375,0.8376426100730896,0.9040848612785339,0.8578125834465027
01967A24.jpg,Heart,0,low,1.2118031978607178,0.818271279335022,0.5302354097366333,0.2870330512523651,0.29997584223747253,0.4129942059516907,140.46165466308594,0.26114997267723083,0.18372908234596252,8.276172637939453,0.030179481953382492,0.14012162387371063,0.9171911478042603,0.2738235294818878,0.3772251307964325,5.536447525024414,0.14337407052516937,0.08644533157348633,1.5224075317382812,-0.0033765549305826426,0.04227958619594574,0.19567884504795074,0.3468787670135498,0.5828511714935303,168.11663818359375,0.8354612588882446,0.9074419140815735,0.9128186106681824
05038A39.jpg,Oval,2,high,1.325609564781189,0.7736058831214905,0.4938291907310486,0.31033533811569214,0.30089709162712097,0.3915507197380066,145.8380126953125,0.24928458034992218,0.2059689462184906,7.218406677246094,0.03415965288877487,0.14465297758579254,0.897516667842865,0.2704373300075531,0.3026185929775238,-4.093896389007568,0.1337289661169052,0.10271681100130081,1.448191523551941,-0.011707755737006664,0.03748990222811699,0.19589906930923462,0.35464775562286377,0.6595292687416077,165.12728881835938,0.8836738467216492,0.9251435399055481,0.8987702131271362
04982A38.jpg,Oval,2,low,1.254878044128418,0.8139978647232056,0.5293500423431396,0.2960805594921112,0.2896329462528229,0.4158974587917328,141.7913818359375,0.22768977284431458,0.1821219027042389,7.860790252685547,0.03050493635237217,0.11274155229330063,0.936539351940155,0.2618013620376587,0.3587706685066223,6.173815727233887,0.12252315878868103,0.09762070327997208,1.5089579820632935,0.01190891768783331,0.0377853661775589,0.1729087233543396,0.3583414852619171,0.517934262752533,168.50177001953125,0.7841325998306274,0.8914580345153809,0.9039073586463928
01478A21.jpg,Oval,2,high,1.2242705821990967,0.75848788022995,0.47030752897262573,0.33117276430130005,0.32449251413345337,0.34438830614089966,146.68685913085938,0.24695274233818054,0.1853860765695572,9.192825317382812,0.03612065315246582,0.12458957731723785,1.073003888130188,0.30306652188301086,0.47338172793388367,18.660314559936523,0.14773140847682953,0.049878090620040894,1.5782132148742676,0.010697486810386181,0.03626774251461029,0.17606377601623535,0.28593525290489197,0.5104033946990967,167.5264434814453,0.8781008720397949,0.9111663699150085,0.9339707493782043
00939A16.jpg,Round,3,high,1.189650058746338,0.8099496364593506,0.5156766176223755,0.3035729229450226,0.31517156958580017,0.38431626558303833,142.05465698242188,0.25752896070480347,0.18873433768749237,7.036411285400391,0.03502180427312851,0.16044458746910095,0.9089580178260803,0.28501009941101074,0.361916720867157,9.246304512023926,0.07417355477809906,0.106508769094944,1.5204269886016846,-0.0009545570937916636,0.04058409109711647,0.19532661139965057,0.26160621643066406,0.6610628962516785,169.80551147460938,0.8470403552055359,0.9198070168495178,0.9043013453483582
03483A30.jpg,Oval,2,high,1.3116847276687622,0.7839487791061401,0.49701783061027527,0.3093717694282532,0.29763343930244446,0.39602988958358765,145.8765869140625,0.2312098890542984,0.19164960086345673,8.753301620483398,0.03279127553105354,0.1403360366821289,1.0376430749893188,0.27302873134613037,0.4089808464050293,13.374950408935547,0.1403379887342453,0.08382702618837357,1.504849910736084,0.023272182792425156,0.041448406875133514,0.1878827065229416,0.38908955454826355,0.51636803150177,166.72776794433594,0.8186615109443665,0.9095845818519592,0.9173321723937988
01815A23.jpg,Round,3,low,1.1489570140838623,0.795773983001709,0.5043880939483643,0.3162927031517029,0.3153792917728424,0.3683893084526062,140.19503784179688,0.2593921720981598,0.175466850399971,9.147124290466309,0.03620954602956772,0.13471245765686035,0.9340534806251526,0.29306647181510925,0.33586424589157104,2.317620277404785,0.10698861628770828,0.096004419028759,1.5758517980575562,0.003658751491457224,0.04367462918162346,0.18258735537528992,0.43375396728515625,0.5595887303352356,170.13108825683594,0.857849657535553,0.8971618413925171,0.9292508363723755
08558A22.jpg,Oblong,1,high,1.3907204866409302,0.786034107208252,0.5113057494163513,0.3075316548347473,0.3242068290710449,0.3740256428718567,147.9276123046875,0.27212873101234436,0.21455176174640656,8.665996551513672,0.033466845750808716,0.14541073143482208,1.0035276412963867,0.29980695247650146,0.3735559582710266,4.923229217529297,0.1281609982252121,0.08264097571372986,1.4361368417739868,0.01595703698694706,0.039194848388433456,0.21276414394378662,0.3020082116127014,0.6468422412872314,166.5602264404297,0.9021158814430237,0.9470915198326111,0.9247397780418396
06589A56.jpg,Oblong,1,high,1.116042137145996,0.8057180643081665,0.5163213610649109,0.3031850755214691,0.3023689091205597,0.3948485255241394,137.00146484375,0.24640324711799622,0.18838341534137726,5.2477569580078125,0.03497253730893135,0.16779591143131256,0.9212489128112793,0.26962849497795105,0.3523178696632385,-1.944409728050232,0.09482358396053314,0.10568788647651672,1.583945870399475,0.0017762440256774426,0.043683819472789764,0.1979641616344452,0.3261057138442993,0.6944470405578613,171.87937927246094,0.8736149668693542,0.915276050567627,0.8917203545570374
03236A29.jpg,Round,3,high,1.227692723274231,0.8018515706062317,0.5066924691200256,0.3268435001373291,0.31492865085601807,0.35826632380485535,141.50648498535156,0.27635258436203003,0.20005376636981964,9.32138729095459,0.03437840938568115,0.13373515009880066,0.9326574802398682,0.29272592067718506,0.4006362557411194,8.795649528503418,0.0868963673710823,0.0745561495423317,1.5381195545196533,0.020373137667775154,0.04161102697253227,0.2087327092885971,0.34023234248161316,0.5639851689338684,169.65567016601562,0.8771681785583496,0.9285622835159302,0.929499089717865
02056A25.jpg,Oval,2,low,1.2613708972930908,0.7894681096076965,0.49485117197036743,0.32581353187561035,0.30882176756858826,0.36578840017318726,148.7427520751953,0.24595727026462555,0.19696353375911713,9.620060920715332,0.03409511595964432,0.11818667501211166,1.0421322584152222,0.29136645793914795,0.4759080708026886,20.702999114990234,0.143090158700943,0.04433693736791611,1.4971895217895508,0.03430821746587753,0.034785810858011246,0.18100762367248535,0.24354377388954163,0.35395392775535583,164.29306030273438,0.8722188472747803,0.9201756119728088,0.9434777498245239
11424A43.jpg,Round,3,low,1.2626752853393555,0.800770103931427,0.523633599281311,0.2672278583049774,0.27108830213546753,0.46176987886428833,144.09439086914062,0.23490987718105316,0.1725756675004959,3.439152956008911,0.03166893124580383,0.13188429176807404,1.1225188970565796,0.24432030320167542,0.4224546253681183,10.560593605041504,0.20757871866226196,0.07609058916568756,1.603265643119812,-0.008356801234185696,0.030575014650821686,0.17727915942668915,0.14878353476524353,0.5538159012794495,167.7840118408203,0.8227576017379761,0.8876945972442627,0.9012572765350342
12676A60.jpg,Oblong,1,high,1.180991768836975,0.8083338737487793,0.5160996317863464,0.27938729524612427,0.2849825620651245,0.4356720447540283,134.03199768066406,0.22532284259796143,0.16822677850723267,0.546770453453064,0.03448949381709099,0.16217167675495148,0.997856616973877,0.24464453756809235,0.36279523372650146,-3.40679669380188,0.13999660313129425,0.11011997610330582,1.6646664142608643,-0.0440782830119133,0.04180232807993889,0.1782710999250412,0.2620123028755188,0.6917466521263123,174.06346130371094,0.8514111042022705,0.8908501267433167,0.8584544658660889
13257A78.jpg,Round,3,low,1.2464746236801147,0.7900192737579346,0.5067589282989502,0.30508604645729065,0.31025704741477966,0.3848799765110016,141.04949951171875,0.2159065157175064,0.17803652584552765,1.637779951095581,0.03453300893306732,0.17047710716724396,1.1633594036102295,0.2822990119457245,0.3818087875843048,5.418356895446777,0.08582031726837158,0.1118253767490387,1.5116231441497803,-0.005892484914511442,0.03670797497034073,0.1666572093963623,0.06798124313354492,0.5478718876838684,172.38833618164062,0.8128653764724731,0.8869386315345764,0.9098874926567078
12855A63.jpg,Oblong,1,low,1.287643551826477,0.7784077525138855,0.4985300302505493,0.31046855449676514,0.33543387055397034,0.3541802167892456,147.6979522705078,0.24972765147686005,0.19387835264205933,7.597536087036133,0.031616970896720886,0.12032319605350494,1.100316047668457,0.315584272146225,0.43391644954681396,20.41663932800293,0.12404505908489227,0.07387620955705643,1.445251226425171,0.0011137478286400437,0.03942247852683067,0.18859894573688507,0.32182633876800537,0.3276371955871582,167.31280517578125,0.8606961369514465,0.9086182713508606,0.9408241510391235
09621A31.jpg,Oval,2,high,1.215087652206421,0.7986672520637512,0.5141147375106812,0.30073282122612,0.29109442234039307,0.40946388244628906,146.68984985351562,0.24794511497020721,0.17975647747516632,7.227724075317383,0.036155086010694504,0.11582949012517929,0.9981521964073181,0.26859909296035767,0.3887351453304291,7.186894416809082,0.1110517829656601,0.0758674368262291,1.5679184198379517,0.013521658256649971,0.029661007225513458,0.188168466091156,0.30743739008903503,0.6036874651908875,166.6143341064453,0.8414689302444458,0.8897994160652161,0.9227215051651001
09059A27.jpg,Oblong,1,high,1.3106898069381714,0.8095741271972656,0.5209781527519226,0.28862428665161133,0.29145824909210205,0.42088067531585693,137.6315155029297,0.24718354642391205,0.18427982926368713,1.4798197746276855,0.03134940192103386,0.12335702776908875,1.0465911626815796,0.26215216517448425,0.42587560415267944,7.671545505523682,0.15400706231594086,0.07640103995800018,1.5861485004425049,-0.011058341711759567,0.03362554311752319,0.17953205108642578,0.26763755083084106,0.5482931137084961,171.4824981689453,0.8440907001495361,0.9051514863967896,0.8994501829147339
01835A24.jpg,Round,3,high,1.1978895664215088,0.794672966003418,0.5137038230895996,0.29580157995224,0.2957792580127716,0.4128744900226593,143.71240234375,0.24147175252437592,0.1758693903684616,5.895029067993164,0.035504404455423355,0.1274855136871338,0.9332842826843262,0.2698652744293213,0.3527753949165344,3.490271806716919,0.1693304032087326,0.07273846864700317,1.5836187601089478,-0.004487263038754463,0.029439283534884453,0.17970190942287445,0.21819134056568146,0.6574146747589111,168.71365356445312,0.8284198641777039,0.8926467895507812,0.912387490272522
09894A32.jpg,Square,4,low,1.2012897729873657,0.8210167288780212,0.5373799204826355,0.2912319004535675,0.2844597101211548,0.42439547181129456,140.7898712158203,0.2558753788471222,0.19198328256607056,0.16349458694458008,0.03168230131268501,0.13539013266563416,0.9346526861190796,0.25562936067581177,0.35938015580177307,1.8177928924560547,0.10435278713703156,0.11051104962825775,1.506266474723816,-0.0034534933511167765,0.03127509355545044,0.17500039935112,0.05751219764351845,0.6042635440826416,171.32130432128906,0.8093178868293762,0.8970775008201599,0.898648738861084
10179A34.jpg,Oblong,1,low,1.2973850965499878,0.8106029033660889,0.5258646607398987,0.3073042333126068,0.30542486906051636,0.38791343569755554,141.18275451660156,0.24818205833435059,0.19036564230918884,4.181983470916748,0.03710157796740532,0.10154834389686584,1.0252552032470703,0.28109341859817505,0.40856170654296875,7.713953018188477,0.09544314444065094,0.10051768273115158,1.5680489540100098,0.008117339573800564,0.0263371504843235,0.1836959719657898,0.25613826513290405,0.4837985038757324,171.56033325195312,0.8873775005340576,0.9065729379653931,0.9203357100486755
02933A28.jpg,Round,3,high,1.27799654006958,0.7517829537391663,0.4837188422679901,0.33280521631240845,0.3392033874988556,0.33129993081092834,149.36874389648438,0.2737630307674408,0.2072012573480606,9.942811012268066,0.03633687645196915,0.14363369345664978,0.9607629776000977,0.3208155632019043,0.3593273162841797,13.035905838012695,0.08114448934793472,0.08419524133205414,1.4670103788375854,0.02117985300719738,0.044882290065288544,0.21201471984386444,0.33676135540008545,0.5706560015678406,166.55433654785156,0.9066643714904785,0.9406863451004028,0.9457911252975464
12749A61.jpg,Oblong,1,high,1.2153102159500122,0.8064863085746765,0.5148409008979797,0.3027023673057556,0.31452682614326477,0.3829093873500824,136.2711181640625,0.24769854545593262,0.1757563054561615,4.201712608337402,0.03791015222668648,0.11953853815793991,0.9469297528266907,0.28654205799102783,0.37772536277770996,2.0687787532806396,0.0504191555082798,0.09907980263233185,1.665565013885498,-0.005215875338762999,0.03245893865823746,0.17777495086193085,0.3010643422603607,0.6566528081893921,174.20513916015625,0.8835136294364929,0.8913895487785339,0.9110258221626282
06149A48.jpg,Oval,2,high,1.26815664768219,0.8173155188560486,0.5117088556289673,0.31767407059669495,0.30355459451675415,0.37983211874961853,138.47396850585938,0.27473223209381104,0.18088917434215546,7.22714376449585,0.031881898641586304,0.14358383417129517,0.9387102127075195,0.27762946486473083,0.43491244316101074,11.85010814666748,0.09500693529844284,0.09251707792282104,1.5810033082962036,0.0009598751203157008,0.03961404040455818,0.19768889248371124,0.2890113592147827,0.5951963663101196,172.24258422851562,0.8108816146850586,0.9097300171852112,0.914594829082489
00677A12.jpg,Round,3,high,1.1674063205718994,0.7818275094032288,0.4952971339225769,0.31330814957618713,0.3235374093055725,0.36331143975257874,143.01626586914062,0.26403242349624634,0.18141649663448334,10.155941009521484,0.03576914593577385,0.129619300365448,0.9310778379440308,0.3006030321121216,0.4070531129837036,9.841697692871094,0.08032302558422089,0.07038157433271408,1.5538996458053589,0.006542569492012262,0.03906892612576485,0.19069163501262665,0.3584999740123749,0.5805199146270752,169.794921875,0.8603744506835938,0.9023170471191406,0.9291137456893921
10284A34.jpg,Oblong,1,high,1.325504183769226,0.8330239653587341,0.5329340100288391,0.28596851229667664,0.299898624420166,0.4201377034187317,139.21865844726562,0.26481491327285767,0.18106693029403687,2.2216808795928955,0.03402479365468025,0.14555758237838745,0.9652356505393982,0.2650688588619232,0.37370938062667847,-3.328585386276245,0.1274578869342804,0.10881020873785019,1.568114161491394,0.001378167187795043,0.03563456982374191,0.1838337928056717,0.22180892527103424,0.6492465734481812,171.11795043945312,0.8337384462356567,0.9075744152069092,0.8838615417480469
10840A38.jpg,Oval,2,low,1.29262113571167,0.787568986415863,0.5001140832901001,0.2993735671043396,0.28935739398002625,0.4125586152076721,143.03146362304688,0.2227659523487091,0.17901088297367096,3.4552736282348633,0.03366374969482422,0.11467055231332779,1.1043925285339355,0.2636452913284302,0.4312017560005188,11.026341438293457,0.1450665295124054,0.0854094848036766,1.6097846031188965,-0.0032356467563658953,0.033195339143276215,0.16975072026252747,0.29810813069343567,0.5188318490982056,169.75608825683594,0.8433202505111694,0.8961665034294128,0.9111407399177551
04787A37.jpg,Heart,0,low,1.2937766313552856,0.7989780306816101,0.5098543763160706,0.319086492061615,0.30792978405952454,0.37875962257385254,147.06158447265625,0.25080427527427673,0.19371654093265533,7.058132648468018,0.03541488200426102,0.12549026310443878,0.9581049680709839,0.289429247379303,0.43136465549468994,17.02392578125,0.1340753734111786,0.06994958221912384,1.5140858888626099,0.031635623425245285,0.03545469418168068,0.19255004823207855,0.3022708594799042,0.40067338943481445,165.6777801513672,0.8641254901885986,0.9224278926849365,0.9399195909500122
05541A42.jpg,Oval,2,high,1.3230596780776978,0.76267409324646,0.4764907658100128,0.3190518915653229,0.309128999710083,0.3803984224796295,146.09097290039062,0.272722989320755,0.18655551970005035,6.667047500610352,0.03367902711033821,0.13336756825447083,1.0121331214904785,0.28620511293411255,0.4840855002403259,14.446041107177734,0.1432114690542221,0.07637295871973038,1.5367954969406128,0.002446548081934452,0.041698310524225235,0.1873161494731903,0.2833183705806732,0.542822539806366,171.76744079589844,0.8440014123916626,0.9275174140930176,0.9258435964584351
02611A27.jpg,Round,3,low,1.1328328847885132,0.7297338247299194,0.45637544989585876,0.3664080500602722,0.34600570797920227,0.28770002722740173,151.56271362304688,0.27255019545555115,0.22115641832351685,12.289827346801758,0.04224982485175133,0.16149090230464935,0.9664515256881714,0.33203256130218506,0.37584736943244934,16.391115188598633,0.07413174957036972,0.08179979026317596,1.4117763042449951,0.05691717565059662,0.047949694097042084,0.2198888510465622,0.3443850874900818,0.5165360569953918,165.7591094970703,0.9353477358818054,0.9391089677810669,0.9596158862113953
06619A56.jpg,Round,3,high,1.192942500114441,0.8390502333641052,0.5329475998878479,0.2906075716018677,0.2859461009502411,0.4235086441040039,134.86422729492188,0.22782036662101746,0.18214717507362366,3.2609410285949707,0.02869163453578949,0.11687713861465454,0.9972492456436157,0.25185438990592957,0.3637341260910034,1.6297510862350464,0.09575308114290237,0.10400199890136719,1.5377813577651978,-0.013397207483649254,0.03726772964000702,0.16823698580265045,0.28993281722068787,0.6380104422569275,173.39476013183594,0.7599369883537292,0.8855735063552856,0.8807758092880249
10750A37.jpg,Oblong,1,high,1.2006253004074097,0.7929750680923462,0.5035929083824158,0.3098628520965576,0.30684131383895874,0.38348904252052307,139.40689086914062,0.27103838324546814,0.17894187569618225,4.131443023681641,0.03549337387084961,0.13028351962566376,0.9355494379997253,0.2780213952064514,0.34638506174087524,-0.026935696601867676,0.09628988057374954,0.10778940469026566,1.6258399486541748,-0.004362023435533047,0.038659512996673584,0.18661391735076904,0.24457761645317078,0.6360887289047241,174.1582489013672,0.8644140958786011,0.9113948345184326,0.9060754776000977
05579A42.jpg,Oval,2,low,1.2689419984817505,0.8339884877204895,0.5395955443382263,0.2948634922504425,0.26956361532211304,0.4365902543067932,138.720458984375,0.22434210777282715,0.17761650681495667,7.0868144035339355,0.029815057292580605,0.11853428184986115,1.1791449785232544,0.24340952932834625,0.4412131607532501,8.056971549987793,0.19507507979869843,0.06469491124153137,1.6013062000274658,0.0016876646550372243,0.036347873508930206,0.16950957477092743,0.2735597789287567,0.6434200406074524,169.22256469726562,0.7879850268363953,0.8992557525634766,0.9029762148857117
04085A33.jpg,Round,3,low,1.1684904098510742,0.801114022731781,0.5118127465248108,0.32932549715042114,0.2851788401603699,0.39199844002723694,146.90911865234375,0.23803162574768066,0.19035999476909637,8.058377265930176,0.03204191476106644,0.1421632468700409,0.9993942379951477,0.2707505524158478,0.352836936712265,13.425699234008789,0.12918473780155182,0.07648198306560516,1.5134459733963013,-0.002360839629545808,0.04096336290240288,0.19928768277168274,0.3684921860694885,0.4081048369407654,166.71484375,0.7942850589752197,0.8863607048988342,0.9494061470031738
10508A36.jpg,Round,3,low,1.2124441862106323,0.8250221610069275,0.5480458736419678,0.26038140058517456,0.26101812720298767,0.478620320558548,140.4061737060547,0.2533522844314575,0.18428273499011993,-0.2295924425125122,0.030859582126140594,0.13889211416244507,1.0093427896499634,0.22683517634868622,0.41104283928871155,8.115530014038086,0.18537436425685883,0.10775823146104813,1.5617120265960693,-0.019650813192129135,0.032085709273815155,0.18457184731960297,0.07366223633289337,0.4861789643764496,169.49403381347656,0.8359840512275696,0.9068790078163147,0.8690399527549744
02708A27.jpg,Round,3,high,1.1052709817886353,0.7295063138008118,0.45457059144973755,0.363311231136322,0.33219006657600403,0.3045072853565216,150.65707397460938,0.2719371020793915,0.18547329306602478,10.507645606994629,0.045160941779613495,0.15459100902080536,0.7708874344825745,0.31609976291656494,0.31900718808174133,9.872008323669434,0.10170162469148636,0.08795404434204102,1.6548482179641724,0.05314747244119644,0.0429004542529583,0.21484363079071045,0.36240580677986145,0.42267292737960815,165.51658630371094,0.9219242334365845,0.9196628928184509,0.9515629410743713
09854A32.jpg,Oblong,1,low,1.3138346672058105,0.799202024936676,0.5054400563240051,0.30479511618614197,0.29594776034355164,0.403389573097229,140.96536254882812,0.2593645751476288,0.19638578593730927,4.656198978424072,0.03161951154470444,0.13714514672756195,0.9564394950866699,0.26503947377204895,0.3577553629875183,0.05708479881286621,0.13234356045722961,0.10255523771047592,1.5051418542861938,-0.0011390459258109331,0.04049411043524742,0.18918950855731964,0.31537172198295593,0.7034997940063477,170.86444091796875,0.8548378944396973,0.9306509494781494,0.895561695098877
06586A56.jpg,Oval,2,low,1.2621335983276367,0.7937403917312622,0.5006575584411621,0.3146056532859802,0.29979366064071655,0.3858252465724945,141.34237670898438,0.26421260833740234,0.18237075209617615,5.555188179016113,0.0325213260948658,0.15901395678520203,0.9140238761901855,0.27178966999053955,0.38047850131988525,6.691555023193359,0.10833089798688889,0.08991531282663345,1.57807457447052,-0.0032849034760147333,0.043473757803440094,0.19797933101654053,0.31605178117752075,0.6216073632240295,169.28578186035156,0.817451000213623,0.9083132147789001,0.9065892100334167
10270A34.jpg,Oblong,1,low,1.3773447275161743,0.763883650302887,0.49661722779273987,0.30473536252975464,0.30275285243988037,0.3925248086452484,145.07583618164062,0.25597280263900757,0.19657862186431885,4.391063690185547,0.031459495425224304,0.11982715874910355,1.050402045249939,0.2770429849624634,0.36797475814819336,6.706477642059326,0.09719997644424438,0.10576537251472473,1.538641095161438,-0.0022313666995614767,0.03600785881280899,0.1881297379732132,0.26335787773132324,0.6265282034873962,171.62814331054688,0.8796049356460571,0.9226381778717041,0.915079653263092
02813A27.jpg,Round,3,low,1.283398985862732,0.7573981881141663,0.474621444940567,0.34004032611846924,0.34293901920318604,0.32517218589782715,147.64404296875,0.2963806390762329,0.20442920923233032,8.425857543945312,0.03813881427049637,0.16401828825473785,0.914939284324646,0.3205769956111908,0.3801838457584381,10.921194076538086,0.09248508512973785,0.08792763203382492,1.5291645526885986,0.0250865388661623,0.047514189034700394,0.2290201336145401,0.3135862648487091,0.5385599136352539,167.84202575683594,0.9321459531784058,0.9630364179611206,0.9347930550575256
01767A23.jpg,Round,3,low,1.1691679954528809,0.7861892580986023,0.497244656085968,0.31295421719551086,0.3071301281452179,0.37992504239082336,141.90704345703125,0.24394731223583221,0.1888296753168106,5.127138614654541,0.03391256555914879,0.14813125133514404,0.9423275589942932,0.28031885623931885,0.35911980271339417,2.8337738513946533,0.10253333300352097,0.0855727270245552,1.5378719568252563,-0.008775182068347931,0.03908645734190941,0.19602085649967194,0.3214338421821594,0.5985725522041321,170.18247985839844,0.8225624561309814,0.9030647277832031,0.912703812122345
12585A58.jpg,Round,3,low,1.2123860120773315,0.7975263595581055,0.5091454982757568,0.2955626845359802,0.3025073707103729,0.4019393026828766,144.557373046875,0.23451238870620728,0.1799648255109787,3.24554705619812,0.03630109876394272,0.16199354827404022,1.0879735946655273,0.28101643919944763,0.40619781613349915,11.232442855834961,0.1364477127790451,0.07175470888614655,1.54532790184021,0.0010495129972696304,0.03854479640722275,0.18677234649658203,0.17782367765903473,0.42947450280189514,167.23915100097656,0.8586514592170715,0.8940355181694031,0.9289573431015015
09967A33.jpg,Square,4,high,1.1539360284805298,0.8368141651153564,0.5328397750854492,0.289230614900589,0.2817166745662689,0.42923641204833984,132.75482177734375,0.22916311025619507,0.17528991401195526,5.230386257171631,0.033666446805000305,0.12525242567062378,0.9607093334197998,0.24650858342647552,0.31742480397224426,-0.26436710357666016,0.08830033242702484,0.11630256474018097,1.5691113471984863,-0.008604004047811031,0.036459147930145264,0.16548384726047516,0.2790476083755493,0.7449226975440979,174.7790069580078,0.8157928586006165,0.8844434022903442,0.8750230669975281
04601A36.jpg,Oval,2,high,1.1696538925170898,0.791553258895874,0.5040192604064941,0.3012680411338806,0.3142319917678833,0.38452425599098206,141.5792694091797,0.2500724792480469,0.18179446458816528,4.2821431159973145,0.03353524208068848,0.14376254379749298,0.9805756211280823,0.28470489382743835,0.38148555159568787,4.63600492477417,0.11090824753046036,0.08281143009662628,1.5843446254730225,-0.008506604470312595,0.03428115323185921,0.17848023772239685,0.18436986207962036,0.6994780898094177,171.36221313476562,0.8267385959625244,0.9067350029945374,0.9060340523719788
12821A63.jpg,Square,4,high,1.2839303016662598,0.790202796459198,0.5216468572616577,0.2882188558578491,0.2689779996871948,0.4428744316101074,141.19705200195312,0.26592177152633667,0.18084536492824554,1.2194690704345703,0.03274616599082947,0.13040125370025635,1.0277420282363892,0.235272616147995,0.38244956731796265,-1.5526129007339478,0.15610066056251526,0.10590318590402603,1.645890235900879,-0.01474668923765421,0.03201703354716301,0.20167306065559387,0.2080979347229004,0.6263846158981323,172.19424438476562,0.8492355346679688,0.8999513387680054,0.8746908903121948
05865A45.jpg,Heart,0,low,1.1858346462249756,0.8340548276901245,0.533534049987793,0.3269217312335968,0.23761337995529175,0.43565040826797485,139.38136291503906,0.26546263694763184,0.1829136610031128,7.58389139175415,0.026350054889917374,0.14683042466640472,0.9899705052375793,0.21643559634685516,0.421853631734848,11.137614250183105,0.1437780112028122,0.09420211613178253,1.5488872528076172,0.009347682818770409,0.044024281203746796,0.21384930610656738,0.36491256952285767,0.41129228472709656,169.1763458251953,0.7330634593963623,0.8861807584762573,0.9108729362487793
05636A43.jpg,Oval,2,low,1.2212893962860107,0.7696519494056702,0.4950313866138458,0.29708150029182434,0.2947419583797455,0.4081806540489197,140.40609741210938,0.2557995617389679,0.1895400434732437,5.530416011810303,0.033456169068813324,0.15044668316841125,0.8477929830551147,0.2613601088523865,0.3512782156467438,4.6418232917785645,0.12104516476392746,0.09892280399799347,1.5209647417068481,-0.010017835535109043,0.0438162162899971,0.19126011431217194,0.3673882782459259,0.7426226735115051,170.2869110107422,0.8556796908378601,0.9013926386833191,0.8867421746253967
13199A76.jpg,Oblong,1,low,1.1631991863250732,0.8547300696372986,0.551437258720398,0.28365224599838257,0.30060574412345886,0.4158732295036316,127.87162780761719,0.2455095499753952,0.1776171177625656,0.13412365317344666,0.032339390367269516,0.1575186550617218,1.0183013677597046,0.2609747052192688,0.4365439713001251,-0.3852939009666443,0.08457167446613312,0.10281644016504288,1.5884044170379639,-0.023627441376447678,0.03454108163714409,0.16894368827342987,0.07583623379468918,0.8102742433547974,177.09759521484375,0.8129978775978088,0.9025251865386963,0.8681627511978149
02815A27.jpg,Oval,2,low,1.2828997373580933,0.7607089877128601,0.47245267033576965,0.38343358039855957,0.3750636875629425,0.24240605533123016,149.95587158203125,0.3184176981449127,0.2307189255952835,11.052671432495117,0.03979477658867836,0.15658533573150635,0.8383857607841492,0.3656845688819885,0.3515850007534027,18.524085998535156,0.08375387638807297,0.06681597232818604,1.3505021333694458,0.045213617384433746,0.04391491040587425,0.23536719381809235,0.37280869483947754,0.49996209144592285,164.23045349121094,0.8970996141433716,0.9607603549957275,0.9749932289123535
07697A07.jpg,Round,3,high,1.1844898462295532,0.7715741991996765,0.4874298870563507,0.3096555173397064,0.3139457404613495,0.37641116976737976,143.60086059570312,0.25516802072525024,0.1920907199382782,6.5468525886535645,0.036937445402145386,0.1628483086824417,0.9341713786125183,0.28372207283973694,0.313228040933609,3.8134407997131348,0.08757885545492172,0.10843382775783539,1.5345749855041504,-0.00628725066781044,0.03753070905804634,0.19069059193134308,0.2877363860607147,0.6167789101600647,171.06845092773438,0.884497880935669,0.9135342836380005,0.9037296772003174
10752A37.jpg,Oblong,1,high,1.305084466934204,0.7966817021369934,0.5138383507728577,0.31615954637527466,0.3061952292919159,0.3776598572731018,137.1065673828125,0.27170848846435547,0.18698497116565704,5.682841777801514,0.03291335701942444,0.15555031597614288,0.9113260507583618,0.2784069776535034,0.34625566005706787,2.6939070224761963,0.11349907517433167,0.10934631526470184,1.5894161462783813,-0.00693543441593647,0.04057285189628601,0.20672187209129333,0.33146771788597107,0.5317427515983582,174.31532287597656,0.8665035367012024,0.9056048393249512,0.9092466235160828
10923A38.jpg,Round,3,high,1.1573854684829712,0.8284685611724854,0.536056637763977,0.26968711614608765,0.2844756245613098,0.44602301716804504,135.00714111328125,0.22172227501869202,0.17381787300109863,4.499056816101074,0.03365551680326462,0.1558692306280136,0.966560423374176,0.2436877340078354,0.3554421067237854,1.1256892681121826,0.08477519452571869,0.1305246502161026,1.5950376987457275,-0.011921598576009274,0.042618460953235626,0.1688431203365326,0.2574414312839508,0.9226734042167664,173.50958251953125,0.8081576824188232,0.8839823007583618,0.8566208481788635
00448A08.jpg,Oval,2,low,1.2202528715133667,0.7848076224327087,0.5128358602523804,0.2802807092666626,0.27517715096473694,0.44466274976730347,139.51373291015625,0.26149314641952515,0.19404400885105133,3.7477622032165527,0.032416798174381256,0.16530224680900574,0.864814043045044,0.23811385035514832,0.339826762676239,0.3486597239971161,0.19873163104057312,0.09035775810480118,1.5202062129974365,-0.029731201007962227,0.04309803992509842,0.20401111245155334,0.3582327365875244,0.695555567741394,169.59620666503906,0.8691869974136353,0.9129394888877869,0.8653111457824707
08084A13.jpg,Oblong,1,low,1.1617554426193237,0.7633084058761597,0.4928174316883087,0.3034014105796814,0.304487019777298,0.39216965436935425,142.67498779296875,0.25627270340919495,0.18650507926940918,4.930939674377441,0.035992544144392014,0.14199362695217133,0.9001047611236572,0.2748948633670807,0.32430821657180786,-0.978176474571228,0.11423678696155548,0.09543049335479736,1.5589510202407837,-0.0019117197953164577,0.03768423572182655,0.18637162446975708,0.26800039410591125,0.7477123737335205,171.67391967773438,0.8681157231330872,0.9027373790740967,0.9028130769729614
06706A58.jpg,Round,3,high,1.212447166442871,0.8251841068267822,0.5237051844596863,0.3041878044605255,0.2956078350543976,0.4021835923194885,136.95260620117188,0.2572507858276367,0.18816499412059784,3.8600542545318604,0.032775428146123886,0.15390795469284058,0.983130693435669,0.2681659162044525,0.3900407552719116,9.469902992248535,0.13566622138023376,0.09458982944488525,1.5207195281982422,-0.012830418534576893,0.04012223333120346,0.2020096629858017,0.23546133935451508,0.558249294757843,170.97640991210938,0.8449543118476868,0.920227587223053,0.9071678519248962
11619A45.jpg,Square,4,low,1.194887399673462,0.8108295798301697,0.523012101650238,0.275583416223526,0.285232812166214,0.43918609619140625,135.4852294921875,0.2402818500995636,0.16025076806545258,0.7092711925506592,0.03580231964588165,0.1529422104358673,0.9232932925224304,0.2459964007139206,0.30890247225761414,-2.7736265659332275,0.08496656268835068,0.12126197665929794,1.7502706050872803,-0.03769321367144585,0.03874245658516884,0.17722991108894348,0.2499578595161438,0.8008754849433899,174.3388671875,0.838270902633667,0.8880570530891418,0.8624407649040222
07401A02.jpg,Round,3,low,1.1665621995925903,0.745749294757843,0.4752461016178131,0.3113151490688324,0.26210469007492065,0.4266054928302765,140.84349060058594,0.2378508746623993,0.18675261735916138,3.3054869174957275,0.03510604798793793,0.13661250472068787,0.877756655216217,0.22876247763633728,0.31056445837020874,-5.181141376495361,0.11476367712020874,0.1041797325015068,1.563430905342102,-0.019621549174189568,0.04014626145362854,0.1717948466539383,0.34787100553512573,0.5824811458587646,169.6226806640625,0.8811406493186951,0.898552656173706,0.8727904558181763
01834A24.jpg,Oval,2,high,1.2618067264556885,0.7792038917541504,0.4968993365764618,0.3045152723789215,0.30213281512260437,0.3935658931732178,140.7576446533203,0.26973897218704224,0.18715724349021912,5.9154157638549805,0.032680876553058624,0.1458892822265625,0.8468514680862427,0.27238041162490845,0.3511359989643097,3.839120626449585,0.15071548521518707,0.08315334469079971,1.5381823778152466,-0.0018329888116568327,0.03972185030579567,0.19773675501346588,0.33807680010795593,0.5808588266372681,170.6728973388672,0.832451343536377,0.9088370203971863,0.9015254378318787
08571A22.jpg,Oval,2,low,1.2883552312850952,0.8059180378913879,0.5114026665687561,0.3101509213447571,0.27473095059394836,0.4168289601802826,138.7500762939453,0.24828463792800903,0.18146532773971558,6.355304718017578,0.03295115381479263,0.1413617879152298,0.9983331561088562,0.2460303008556366,0.4151586890220642,5.263823986053467,0.1594649702310562,0.07727093994617462,1.587815523147583,0.011363418772816658,0.041786376386880875,0.1875670850276947,0.316148966550827,0.5845065712928772,170.7632598876953,0.8400880694389343,0.903296709060669,0.8955317735671997
04922A38.jpg,Heart,0,low,1.1839427947998047,0.7793096899986267,0.49786779284477234,0.32459715008735657,0.2783399224281311,0.3972840905189514,142.62359619140625,0.2510872185230255,0.1858445405960083,8.052949905395508,0.03125152736902237,0.1323407143354416,0.9764400124549866,0.25709694623947144,0.4191383123397827,11.652338027954102,0.13911603391170502,0.06775877624750137,1.5522609949111938,0.008017969317734241,0.04123476520180702,0.1951793134212494,0.3808761537075043,0.4750390946865082,169.7807159423828,0.8102661371231079,0.8844102621078491,0.923679769039154
12832A63.jpg,Oblong,1,high,1.2911391258239746,0.807212233543396,0.5162860751152039,0.2880591154098511,0.3083677589893341,0.4037603735923767,136.5858154296875,0.24272529780864716,0.17731603980064392,3.023703098297119,0.03473160043358803,0.1521727591753006,0.9131709337234497,0.2718907594680786,0.3269753158092499,-1.903792381286621,0.07685056328773499,0.1168128103017807,1.590503215789795,-0.03155164420604706,0.03987780585885048,0.1868215948343277,0.2911965250968933,0.6258537769317627,174.69207763671875,0.8392131924629211,0.8916584253311157,0.8817094564437866
03630A31.jpg,Oval,2,high,1.2228999137878418,0.7862499952316284,0.48811665177345276,0.32616984844207764,0.32467156648635864,0.34917864203453064,144.03402709960938,0.25972986221313477,0.18694648146629333,7.982250213623047,0.03400752693414688,0.12663157284259796,0.9951452612876892,0.3041583001613617,0.4424625635147095,14.342813491821289,0.15521575510501862,0.04267759993672371,1.5499331951141357,0.018564218655228615,0.03899189084768295,0.18807625770568848,0.2951412796974182,0.4627251625061035,167.2321319580078,0.8332833647727966,0.9159256815910339,0.9368184208869934
01997A24.jpg,Oval,2,low,1.227583646774292,0.7886373996734619,0.49595746397972107,0.3276929557323456,0.3189226984977722,0.3533868193626404,143.61306762695312,0.2718183994293213,0.19772474467754364,7.188571453094482,0.03450170159339905,0.12166428565979004,0.8950819373130798,0.2973312437534332,0.3469682037830353,9.081538200378418,0.10299442708492279,0.0842800959944725,1.4653140306472778,0.01089177280664444,0.036711547523736954,0.1896117627620697,0.3438560962677002,0.692391574382782,167.0979766845703,0.8507002592086792,0.9107538461685181,0.9322987794876099
06721A59.jpg,Square,4,low,1.1739407777786255,0.8128085136413574,0.5248086452484131,0.2728296220302582,0.2756710648536682,0.45151522755622864,132.61302185058594,0.25877293944358826,0.1765906661748886,2.6026594638824463,0.030236337333917618,0.1453806757926941,0.9752945303916931,0.23044562339782715,0.3873184323310852,-4.770082473754883,0.10087954998016357,0.10691555589437485,1.6175942420959473,-0.032379962503910065,0.043914876878261566,0.18231306970119476,0.29827287793159485,0.9277889132499695,175.6073760986328,0.8179018497467041,0.903412401676178,0.8359441757202148
02629A27.jpg,Oval,2,high,1.259723424911499,0.7329510450363159,0.4507840871810913,0.35396185517311096,0.33033356070518494,0.31576302647590637,148.01878356933594,0.272647887468338,0.19342643022537231,9.474858283996582,0.036806605756282806,0.13854725658893585,0.9120862483978271,0.3118811845779419,0.39484086632728577,14.04753303527832,0.11976702511310577,0.0619802363216877,1.5689592361450195,0.020320868119597435,0.039767928421497345,0.20620985329151154,0.3532807528972626,0.4547458291053772,166.2666778564453,0.8999984860420227,0.9248602390289307,0.9441401958465576
07001A66.jpg,Round,3,high,1.227278232574463,0.8113921284675598,0.5149152278900146,0.3030567169189453,0.29676347970962524,0.4001948833465576,143.80499267578125,0.2791011929512024,0.17814117670059204,3.136735677719116,0.029860863462090492,0.12024150788784027,0.9384722113609314,0.27210938930511475,0.4062283933162689,13.095147132873535,0.14205658435821533,0.07825727015733719,1.6121671199798584,-0.011190931312739849,0.03329230844974518,0.18550235033035278,0.23610512912273407,0.40333640575408936,167.43699645996094,0.8080990314483643,0.9001738429069519,0.9169234037399292
07363A80.jpg,Oblong,1,low,1.221630573272705,0.7997210621833801,0.5151268243789673,0.3077866733074188,0.26829949021339417,0.42398834228515625,142.36611938476562,0.2490631639957428,0.1899145394563675,1.1735889911651611,0.03200041875243187,0.17436417937278748,1.0628422498703003,0.23967427015304565,0.34839704632759094,1.9830517768859863,0.10495644062757492,0.1457044631242752,1.4724637269973755,0.005732150282710791,0.04150204733014107,0.1935584843158722,0.138645201921463,0.8006315231323242,169.87893676757812,0.8191484212875366,0.8886420726776123,0.893308699131012
00825A14.jpg,Round,3,low,1.3861769437789917,0.815718948841095,0.5127173066139221,0.3053100109100342,0.2814096510410309,0.4160918891429901,138.65234375,0.2552698254585266,0.18272145092487335,7.219175815582275,0.030169805511832237,0.14749914407730103,0.9908128976821899,0.25222867727279663,0.3917904794216156,3.4357950687408447,0.12854455411434174,0.08220601081848145,1.5637860298156738,-0.004402918741106987,0.04066326841711998,0.19243818521499634,0.32610440254211426,0.6007372736930847,170.03146362304688,0.8141125440597534,0.9123103618621826,0.8963043093681335
04227A34.jpg,Round,3,high,1.0755337476730347,0.7815719842910767,0.49251094460487366,0.323495477437973,0.30484911799430847,0.3716932237148285,142.90054321289062,0.2840028405189514,0.18177789449691772,6.579421043395996,0.0373741090297699,0.1490909457206726,0.8402757048606873,0.27866899967193604,0.34468409419059753,6.454831123352051,0.09448718279600143,0.08467580378055573,1.6383260488510132,0.025266988202929497,0.04340355098247528,0.20581670105457306,0.28185299038887024,0.6914435625076294,170.76483154296875,0.8529813289642334,0.9197906851768494,0.9141210913658142
12817A63.jpg,Round,3,high,1.1846206188201904,0.8167589902877808,0.5193269848823547,0.29943087697029114,0.3013266921043396,0.39939701557159424,138.71627807617188,0.2405199557542801,0.17681869864463806,4.698843955993652,0.033798255026340485,0.1235671266913414,1.0291666984558105,0.2741766571998596,0.3790414035320282,4.3833513259887695,0.136535182595253,0.08140076696872711,1.5890859365463257,-0.0010188674787059426,0.03487790748476982,0.17318806052207947,0.2718600332736969,0.6162236928939819,172.53053283691406,0.8234922885894775,0.8933271169662476,0.9098983407020569
05081A39.jpg,Oval,2,high,1.2436901330947876,0.7509150505065918,0.4680010676383972,0.33421361446380615,0.3072473108768463,0.35861966013908386,147.51303100585938,0.2364768087863922,0.18848660588264465,8.398518562316895,0.034838419407606125,0.13052047789096832,0.9976789355278015,0.2858150005340576,0.39567115902900696,14.67496109008789,0.09594056755304337,0.08042693138122559,1.5540847778320312,0.010259141214191914,0.034596994519233704,0.18871064484119415,0.3650363087654114,0.5073396563529968,168.20162963867188,0.8329407572746277,0.888193666934967,0.9302440881729126
12894A65.jpg,Oblong,1,low,1.2120743989944458,0.8239731192588806,0.5313003063201904,0.3053763508796692,0.286490797996521,0.40820586681365967,136.19772338867188,0.26066702604293823,0.17190967500209808,0.9568123817443848,0.03309433162212372,0.11800987273454666,0.9493265748023987,0.25926458835601807,0.3810628056526184,4.635265827178955,0.08895663917064667,0.10443107038736343,1.6706924438476562,-0.005968649405986071,0.03160278871655464,0.1814560443162918,0.24780571460723877,0.6544588804244995,174.0901336669922,0.8385746479034424,0.8922376036643982,0.9049665331840515
02549A27.jpg,Oval,2,low,1.298089623451233,0.7806901931762695,0.4935312271118164,0.33681520819664,0.3346417546272278,0.3319173753261566,152.39686584472656,0.2717859447002411,0.22515323758125305,12.894314765930176,0.03339987248182297,0.12509115040302277,1.0162749290466309,0.31824004650115967,0.38816574215888977,19.422508239746094,0.10277558863162994,0.08939560502767563,1.3834664821624756,0.0273284874856472,0.043199244886636734,0.219970241189003,0.49645429849624634,0.47375231981277466,160.7313690185547,0.9031105041503906,0.9506250619888306,0.9509872794151306
13176A75.jpg,Oblong,1,low,1.26072359085083,0.8116884827613831,0.5269249677658081,0.3093251883983612,0.30583006143569946,0.3852531313896179,142.99855041503906,0.2423934042453766,0.1877259612083435,5.1024861335754395,0.03953723981976509,0.11480188369750977,1.1317156553268433,0.2862841486930847,0.41939577460289,9.322650909423828,0.11557549238204956,0.0753108561038971,1.5697189569473267,0.029102744534611702,0.03329487517476082,0.18484488129615784,0.2736790180206299,0.4516623914241791,170.23855590820312,0.8847966194152832,0.9005879759788513,0.9360889792442322
10069A33.jpg,Oval,2,low,1.2266125679016113,0.7908343076705933,0.5010006427764893,0.302505224943161,0.3076430559158325,0.39102837443351746,140.49407958984375,0.2541658878326416,0.17499877512454987,4.154108047485352,0.035333387553691864,0.1462939977645874,1.0070760250091553,0.279242604970932,0.44453755021095276,9.456964492797852,0.12969665229320526,0.08911105990409851,1.6502876281738281,-0.0029332339763641357,0.03859611973166466,0.18102571368217468,0.21204543113708496,0.4158528447151184,171.50454711914062,0.8614765405654907,0.9081466794013977,0.907683789730072
06393A52.jpg,Round,3,low,1.1627613306045532,0.8054708242416382,0.5153753161430359,0.30649298429489136,0.30718040466308594,0.3867383301258087,135.84878540039062,0.25467637181282043,0.17052604258060455,2.5329957008361816,0.034013569355010986,0.1125606968998909,0.923056960105896,0.27730536460876465,0.3864816427230835,-0.2108466625213623,0.07583823055028915,0.08731779456138611,1.6184273958206177,0.0025535530876368284,0.03011798858642578,0.15766234695911407,0.14900706708431244,0.669532835483551,174.20849609375,0.8064102530479431,0.8818708658218384,0.9027443528175354
08061A13.jpg,Oval,2,low,1.217252492904663,0.786171019077301,0.5038087964057922,0.32893139123916626,0.3213697075843811,0.35887306928634644,147.74966430664062,0.24859219789505005,0.20267601311206818,7.3185882568359375,0.03861374035477638,0.11695128679275513,0.9424326419830322,0.3053329586982727,0.32320624589920044,6.850533485412598,0.0750124603509903,0.09338374435901642,1.496097445487976,0.019195931032299995,0.03755690157413483,0.1906324326992035,0.3871919810771942,0.5335009098052979,166.5038604736328,0.9256988763809204,0.9169504642486572,0.9500987529754639
03800A32.jpg,Oval,2,high,1.1370093822479248,0.7742990851402283,0.4855462908744812,0.3177412152290344,0.3106852173805237,0.37159106135368347,142.36618041992188,0.2499442845582962,0.18384583294391632,7.076496124267578,0.03749755397439003,0.16153584420681,0.8840169310569763,0.28351283073425293,0.3470536768436432,3.994961738586426,0.10815532505512238,0.09153341501951218,1.580355167388916,0.021120071411132812,0.045073896646499634,0.18281283974647522,0.2833561599254608,0.6005628108978271,170.14962768554688,0.8582099676132202,0.9024105668067932,0.9125404357910156
05863A45.jpg,Round,3,low,1.2363579273223877,0.7754859328269958,0.5031002759933472,0.2772229313850403,0.2748637795448303,0.44795098900794983,144.1085205078125,0.2432866394519806,0.18419097363948822,4.939544677734375,0.0318584069609642,0.1395822912454605,1.0283228158950806,0.2424527406692505,0.4549841582775116,9.627517700195312,0.19100268185138702,0.06767649203538895,1.6121954917907715,-0.005781496874988079,0.040632352232933044,0.18145710229873657,0.2590630054473877,0.586230993270874,168.26942443847656,0.8373417258262634,0.9086053967475891,0.8820832967758179
09051A27.jpg,Oval,2,low,1.3225904703140259,0.8079783916473389,0.509918212890625,0.31550902128219604,0.286487877368927,0.39943405985832214,139.31536865234375,0.2581775188446045,0.18944624066352844,5.689713001251221,0.030145956203341484,0.13143227994441986,1.0416375398635864,0.25976574420928955,0.4466695189476013,11.317180633544922,0.1285833865404129,0.07212572544813156,1.5714693069458008,0.003693863283842802,0.038900867104530334,0.1937566101551056,0.2843523323535919,0.4941217303276062,172.39630126953125,0.8239012956619263,0.905607283115387,0.9067251682281494
11037A39.jpg,Oblong,1,high,1.2510950565338135,0.8193671703338623,0.5157187581062317,0.3006412386894226,0.3046904504299164,0.39708784222602844,137.02261352539062,0.23661616444587708,0.17061328887939453,3.274411201477051,0.03177309036254883,0.1317649930715561,1.1172713041305542,0.27162593603134155,0.40375080704689026,7.045485973358154,0.09691575169563293,0.10130655765533447,1.6039906740188599,-0.012167519889771938,0.036588530987501144,0.15599675476551056,0.18556475639343262,0.6296644806861877,173.19126892089844,0.7887118458747864,0.9028759598731995,0.8914815783500671
09886A32.jpg,Round,3,high,1.2860599756240845,0.8094221949577332,0.5141492486000061,0.29885393381118774,0.31271886825561523,0.38869765400886536,139.08560180664062,0.24063226580619812,0.17348214983940125,2.6105053424835205,0.03289257362484932,0.14475588500499725,1.1057275533676147,0.2856646180152893,0.36804071068763733,7.8094401359558105,0.09883438795804977,0.09721090644598007,1.614833116531372,-0.013575674965977669,0.03600588068366051,0.1826121211051941,0.23166494071483612,0.6388236284255981,172.35545349121094,0.828870952129364,0.8987343311309814,0.9134870171546936
06216A49.jpg,Oval,2,high,1.2331198453903198,0.7550250291824341,0.47850286960601807,0.3217736482620239,0.30471622943878174,0.3735116720199585,144.3604278564453,0.2499690055847168,0.18316972255706787,8.705490112304688,0.03509774059057236,0.12925530970096588,0.9307162165641785,0.28016236424446106,0.3494100570678711,5.69171142578125,0.1222759261727333,0.08535873144865036,1.5957038402557373,0.008876180276274681,0.03800586611032486,0.185377299785614,0.33473318815231323,0.7044603824615479,168.9050750732422,0.8719805479049683,0.9118664860725403,0.9194205403327942
08154A15.jpg,Round,3,low,1.1254674196243286,0.8260034322738647,0.5461140275001526,0.26472747325897217,0.2929728031158447,0.4423089921474457,138.15444946289062,0.2404717057943344,0.19012708961963654,4.9859137535095215,0.03402663394808769,0.14183449745178223,0.9459197521209717,0.2629241943359375,0.3547913134098053,3.485565185546875,0.12820738554000854,0.09333090484142303,1.5239462852478027,-0.000681447156239301,0.037057600915431976,0.19927628338336945,0.2557688355445862,0.5751864314079285,169.42674255371094,0.8507804870605469,0.9007638692855835,0.8974355459213257
04108A33.jpg,Oblong,1,low,1.2009466886520386,0.7707410454750061,0.4853743612766266,0.32276976108551025,0.30867066979408264,0.3686125576496124,146.92691040039062,0.2746674418449402,0.18519486486911774,9.186898231506348,0.03452746570110321,0.14281871914863586,0.8828453421592712,0.28062593936920166,0.39200344681739807,9.659257888793945,0.12265969067811966,0.10533807426691055,1.5530378818511963,0.02179328352212906,0.03983299434185028,0.18771038949489594,0.28237679600715637,0.5741044878959656,167.34756469726562,0.8349202275276184,0.9140109419822693,0.9091435670852661
08205A16.jpg,Round,3,low,1.2738186120986938,0.7956082820892334,0.5105120539665222,0.3134249746799469,0.28981584310531616,0.3978027403354645,135.8724365234375,0.26882070302963257,0.1899682879447937,5.794859886169434,0.03368351608514786,0.1592366248369217,0.8774144053459167,0.2564867436885834,0.36043187975883484,-2.534477710723877,0.09817460924386978,0.10297319293022156,1.586287021636963,-0.002137707080692053,0.04230708256363869,0.19819118082523346,0.30220431089401245,0.7249851226806641,174.2667236328125,0.8637455105781555,0.9087989926338196,0.8849989771842957
01034A17.jpg,Round,3,high,1.216123104095459,0.7715585827827454,0.48495274782180786,0.34295302629470825,0.33637693524360657,0.32166942954063416,144.85092163085938,0.27706968784332275,0.20189209282398224,7.86820125579834,0.03568043187260628,0.10608680546283722,0.8912726640701294,0.31763625144958496,0.37762945890426636,11.689096450805664,0.07499431073665619,0.0826319009065628,1.466277837753296,0.01060498971492052,0.037055522203445435,0.1896839737892151,0.3685799539089203,0.5410345196723938,168.34158325195312,0.8766181468963623,0.9203878045082092,0.9442866444587708
01795A23.jpg,Round,3,high,1.2103251218795776,0.7752677202224731,0.4953828454017639,0.33781886100769043,0.3549899458885193,0.3072091042995453,146.83627319335938,0.29088926315307617,0.20076678693294525,9.234352111816406,0.0373946838080883,0.1347721517086029,0.8910838961601257,0.34157484769821167,0.34487059712409973,8.908348083496094,0.0639263316988945,0.08129748702049255,1.4857434034347534,0.01511671394109726,0.04161180555820465,0.21479558944702148,0.4078961908817291,0.517142117023468,166.26510620117188,0.9078546762466431,0.9234424829483032,0.962209939956665
12449A56.jpg,Oblong,1,high,1.2714993953704834,0.813368022441864,0.5219303369522095,0.3010050654411316,0.29394084215164185,0.4052378535270691,134.50259399414062,0.24031348526477814,0.17275194823741913,3.216778039932251,0.03694640100002289,0.14627580344676971,0.9003006815910339,0.2610333561897278,0.3213909864425659,-5.634242057800293,0.0808984562754631,0.11648303270339966,1.6960222721099854,-0.00448187068104744,0.03589142486453056,0.1835058182477951,0.25608962774276733,0.671133816242218,175.2130126953125,0.8550621867179871,0.8927674293518066,0.8880472183227539
10609A36.jpg,Oblong,1,low,1.2259821891784668,0.8216908574104309,0.5332920551300049,0.29284989833831787,0.304515540599823,0.40271246433258057,134.7702178955078,0.24663467705249786,0.1825741082429886,2.0615220069885254,0.033785026520490646,0.13153131306171417,1.0576533079147339,0.27599719166755676,0.38383981585502625,4.348942279815674,0.1389828622341156,0.08260880410671234,1.6046489477157593,-0.007139969151467085,0.035125795751810074,0.17266927659511566,0.1593530923128128,0.6197075843811035,174.4849853515625,0.842903733253479,0.9016472101211548,0.9063484072685242
12116A51.jpg,Square,4,low,1.2453938722610474,0.8051580786705017,0.5065547823905945,0.3050480782985687,0.31246423721313477,0.382503867149353,138.84219360351562,0.23264063894748688,0.17266342043876648,5.115379333496094,0.03686437010765076,0.15265768766403198,1.0064390897750854,0.28316792845726013,0.3391907215118408,5.336527347564697,0.08799399435520172,0.10857189446687698,1.6543723344802856,-0.015613887459039688,0.036147139966487885,0.18011748790740967,0.24972182512283325,0.5279597640037537,172.53074645996094,0.8629928827285767,0.8943598866462708,0.9062410593032837
04112A33.jpg,Oval,2,high,1.194317102432251,0.7937249541282654,0.5007262825965881,0.323991984128952,0.32673391699790955,0.34977129101753235,142.99658203125,0.26309335231781006,0.17944557964801788,9.297060012817383,0.03757120296359062,0.14822959899902344,0.9748458862304688,0.30838972330093384,0.41657862067222595,14.943880081176758,0.13953657448291779,0.054209306836128235,1.5730202198028564,0.017915748059749603,0.04019666090607643,0.202204629778862,0.373465359210968,0.473827064037323,167.1361083984375,0.861169159412384,0.9037915468215942,0.943855881690979
05662A43.jpg,Oval,2,low,1.260844349861145,0.790315568447113,0.5071307420730591,0.29560455679893494,0.2946699261665344,0.4098172187805176,138.7410888671875,0.24941839277744293,0.18537785112857819,3.256584405899048,0.03380998224020004,0.16214323043823242,0.9653475284576416,0.2634442150592804,0.4113093912601471,6.3043060302734375,0.1590178906917572,0.08413437753915787,1.5759178400039673,-0.012385045178234577,0.03978852927684784,0.1962817907333374,0.24009671807289124,0.5459026098251343,171.35902404785156,0.865315854549408,0.9069923758506775,0.8940315246582031
00470A08.jpg,Round,3,low,1.175294041633606,0.7437968850135803,0.4652538299560547,0.35360801219940186,0.3316115736961365,0.31798234581947327,145.71002197265625,0.25680258870124817,0.19976715743541718,8.626716613769531,0.03955378755927086,0.15394657850265503,0.938728392124176,0.31357866525650024,0.32964369654655457,8.539679527282715,0.08546898514032364,0.08337598294019699,1.4700530767440796,-0.00758709479123354,0.0428914800286293,0.20472677052021027,0.3939204812049866,0.600723385810852,168.13031005859375,0.9073637127876282,0.9259752035140991,0.9456204175949097
04803A37.jpg,Oblong,1,low,1.3424503803253174,0.8018652200698853,0.5108729004859924,0.3110530972480774,0.3102913200855255,0.38233205676078796,141.58465576171875,0.25632891058921814,0.19370093941688538,6.713916301727295,0.03379001095890999,0.14926393330097198,0.9541425704956055,0.2791447937488556,0.34105098247528076,1.670219898223877,0.13047239184379578,0.10369113832712173,1.4993128776550293,0.0029412296134978533,0.035603318363428116,0.19667752087116241,0.3448878526687622,0.7040005326271057,170.33340454101562,0.8493552207946777,0.9183782935142517,0.8996216654777527
07535A04.jpg,Round,3,low,1.0867836475372314,0.765482485294342,0.4843570590019226,0.32468748092651367,0.29045039415359497,0.38670414686203003,145.122314453125,0.2610580623149872,0.1837632805109024,6.961824893951416,0.036733176559209824,0.13742227852344513,0.8690725564956665,0.26974618434906006,0.33729901909828186,2.291672945022583,0.13038569688796997,0.10431373119354248,1.5480105876922607,0.003923409152776003,0.041335515677928925,0.1805574595928192,0.30357813835144043,0.5212234258651733,168.039306640625,0.8691176176071167,0.9049677848815918,0.9287168979644775
06367A52.jpg,Round,3,low,1.1854993104934692,0.8163482546806335,0.533713161945343,0.28028830885887146,0.30109530687332153,0.42285585403442383,139.913818359375,0.26172831654548645,0.19221647083759308,1.2460265159606934,0.03458356857299805,0.14094674587249756,0.9619128108024597,0.2698548138141632,0.4034653604030609,0.5098860263824463,0.1325686275959015,0.10866183787584305,1.5234442949295044,-0.003018864430487156,0.031684596091508865,0.19101575016975403,0.13146673142910004,0.5723099112510681,169.6110382080078,0.8636055588722229,0.9236422777175903,0.8962438702583313
11020A39.jpg,Oblong,1,high,1.232832431793213,0.8161535859107971,0.5252485275268555,0.30845126509666443,0.31327763199806213,0.3806169629096985,137.44314575195312,0.28446388244628906,0.2132025957107544,5.545380592346191,0.03088991343975067,0.1411157101392746,0.9472857117652893,0.2824622392654419,0.39048704504966736,0.859714150428772,0.07806015014648438,0.11540600657463074,1.4210498332977295,-0.007395770400762558,0.040047820657491684,0.2012929916381836,0.28948572278022766,0.6836708188056946,173.7484893798828,0.8666548728942871,0.9386298656463623,0.901635468006134
09614A31.jpg,Round,3,high,1.1829882860183716,0.8073826432228088,0.5116010904312134,0.3079306483268738,0.28111085295677185,0.411071240901947,136.37374877929688,0.24790626764297485,0.1803610920906067,3.982715129852295,0.03419608250260353,0.17412647604942322,1.0371787548065186,0.25133535265922546,0.37692543864250183,6.347163200378418,0.1416383534669876,0.08808236569166183,1.621663212776184,-0.006056204438209534,0.04394765943288803,0.19383575022220612,0.18117079138755798,0.5520064830780029,173.5174560546875,0.8367317318916321,0.899823009967804,0.8940792083740234
03424A30.jpg,Heart,0,low,1.2728595733642578,0.7531184554100037,0.4769349694252014,0.3237590789794922,0.30984777212142944,0.3670700192451477,149.96707153320312,0.2517580986022949,0.19272847473621368,9.53795051574707,0.03628964349627495,0.12600576877593994,1.0027718544006348,0.2904198169708252,0.4087251126766205,14.299367904663086,0.14220267534255981,0.06585149466991425,1.5407079458236694,0.02675342559814453,0.040738992393016815,0.19818922877311707,0.3329729735851288,0.47535818815231323,165.73736572265625,0.8876245021820068,0.921380341053009,0.9372982978820801
01579A22.jpg,Round,3,low,1.2393348217010498,0.7899742722511292,0.49813976883888245,0.3220742344856262,0.3105972111225128,0.3673306405544281,142.2293701171875,0.24308480322360992,0.1919087916612625,4.944255828857422,0.03500928729772568,0.13974647223949432,0.9480630159378052,0.28646376729011536,0.3918701410293579,8.062344551086426,0.09415076673030853,0.0800320953130722,1.5512696504592896,-0.00025960724451579154,0.037333350628614426,0.1984531432390213,0.33251649141311646,0.5756940245628357,169.52223205566406,0.8691459894180298,0.9097436666488647,0.922299861907959
10371A35.jpg,Oblong,1,low,1.195227861404419,0.8066583871841431,0.5248413681983948,0.2693612277507782,0.28081706166267395,0.45007821917533875,144.04837036132812,0.2512452006340027,0.19805391132831573,0.7057793140411377,0.03303219750523567,0.16003598272800446,1.0267064571380615,0.24604463577270508,0.3671236038208008,-1.3919111490249634,0.12216909229755402,0.12849394977092743,1.4902923107147217,-0.017406705766916275,0.04104253649711609,0.20847368240356445,0.24939215183258057,0.6898743510246277,169.4860076904297,0.8700970411300659,0.9201892018318176,0.8761740922927856
08635A23.jpg,Oblong,1,high,1.291276216506958,0.7951800227165222,0.5159253478050232,0.2996731698513031,0.29822421073913574,0.4021632969379425,140.32949829101562,0.26203301548957825,0.18926694989204407,5.543184280395508,0.0339350663125515,0.12008844316005707,0.8188526630401611,0.2700069546699524,0.28071433305740356,-4.365535259246826,0.10727958381175995,0.08855445683002472,1.5402581691741943,0.0051976037211716175,0.03353056684136391,0.1884012222290039,0.3310476839542389,0.705740213394165,171.1173553466797,0.8417168259620667,0.8921219110488892,0.9053823351860046
11379A42.jpg,Round,3,high,1.1098047494888306,0.8106818199157715,0.506919264793396,0.29292920231819153,0.29000595211982727,0.417603462934494,137.66334533691406,0.21402135491371155,0.15916061401367188,1.991995930671692,0.03862836956977844,0.1442767083644867,0.9684045910835266,0.25501543283462524,0.3076147139072418,1.474076509475708,0.09176340699195862,0.12776942551136017,1.711826205253601,-0.020299503579735756,0.030729612335562706,0.15884949266910553,0.24033306539058685,0.46576428413391113,172.41433715820312,0.8334916234016418,0.8751733303070068,0.8793455362319946
08251A17.jpg,Oval,2,low,1.3243507146835327,0.7451012134552002,0.4741719961166382,0.33047404885292053,0.3410737216472626,0.33105799555778503,149.51727294921875,0.2625601589679718,0.2076673060655594,8.166152954101562,0.03568623587489128,0.13452531397342682,1.0272045135498047,0.3212239742279053,0.38517704606056213,10.110754013061523,0.09842738509178162,0.09164118021726608,1.4317165613174438,0.021477868780493736,0.04315749183297157,0.1987663060426712,0.3379857540130615,0.5436707735061646,167.81735229492188,0.8770787119865417,0.9278297424316406,0.9418022036552429
06942A64.jpg,Round,3,low,1.2123523950576782,0.8063376545906067,0.5104504823684692,0.29173240065574646,0.29397591948509216,0.4142935872077942,139.23214721679688,0.2340623438358307,0.170402392745018,5.297846794128418,0.032612040638923645,0.14839883148670197,1.0868966579437256,0.2642133831977844,0.40980908274650574,9.028457641601562,0.16533741354942322,0.06479141116142273,1.617714285850525,-0.00993333663791418,0.0402461513876915,0.17844590544700623,0.2693163752555847,0.6423138380050659,170.3795166015625,0.8021948933601379,0.8916761875152588,0.898758590221405
09174A28.jpg,Oblong,1,low,1.2895894050598145,0.7674044966697693,0.48262444138526917,0.3342227339744568,0.3128073215484619,0.3530735671520233,142.5074462890625,0.2811749577522278,0.19438564777374268,8.89759635925293,0.034457579255104065,0.14649701118469238,0.9182161092758179,0.28705424070358276,0.38558217883110046,4.2459797859191895,0.10475345700979233,0.09247288107872009,1.554603099822998,0.011500255204737186,0.04364413768053055,0.20552121102809906,0.34067127108573914,0.5327184796333313,170.86180114746094,0.881987988948822,0.9222943186759949,0.9176711440086365
02179A25.jpg,Oval,2,high,1.1797046661376953,0.7954804301261902,0.5145507454872131,0.29802218079566956,0.308586448431015,0.3934728503227234,139.62127685546875,0.2535328269004822,0.19390173256397247,4.2328877449035645,0.03397946059703827,0.14579789340496063,0.9088281989097595,0.2819089889526367,0.39006632566452026,4.548569679260254,0.1300886571407318,0.07540954649448395,1.5094664096832275,-0.0015840764390304685,0.03831735998392105,0.19339324533939362,0.29903969168663025,0.580538272857666,171.32861328125,0.8550530076026917,0.9045431613922119,0.9135494828224182
12284A53.jpg,Round,3,low,1.2695107460021973,0.8166719675064087,0.5184634327888489,0.2912094295024872,0.28574758768081665,0.4240387976169586,134.4893341064453,0.22121761739253998,0.18136335909366608,2.1620750427246094,0.03315911442041397,0.15639452636241913,1.1054245233535767,0.24928788840770721,0.34716880321502686,-4.031482696533203,0.13459759950637817,0.10185842216014862,1.5463099479675293,-0.010605840012431145,0.039478980004787445,0.17276759445667267,0.27054035663604736,0.6627235412597656,173.7574005126953,0.8272984027862549,0.8955435752868652,0.8724058866500854
04323A34.jpg,Round,3,high,1.348238468170166,0.7699806094169617,0.4800546169281006,0.3229036331176758,0.3335116505622864,0.34905698895454407,148.8723602294922,0.23947450518608093,0.21096226572990417,8.620203018188477,0.031606514006853104,0.13383926451206207,1.0434694290161133,0.31305772066116333,0.41365692019462585,10.54323959350586,0.06765077263116837,0.08914423733949661,1.3829154968261719,0.002218521200120449,0.042092662304639816,0.1881396621465683,0.4035886228084564,0.4839150011539459,164.75216674804688,0.8671824932098389,0.9216883778572083,0.9386710524559021
01607A22.jpg,Round,3,high,1.0938169956207275,0.8268797993659973,0.5364800691604614,0.28787922859191895,0.27013126015663147,0.4423934519290924,136.48898315429688,0.27688461542129517,0.18484528362751007,1.2146916389465332,0.032405294477939606,0.15618450939655304,0.8658062815666199,0.23889780044555664,0.41278278827667236,7.0681352615356445,0.18627510964870453,0.08490609377622604,1.562694787979126,-0.0018278120551258326,0.03402571752667427,0.19118212163448334,0.0644168108701706,0.5558327436447144,171.5459442138672,0.824822187423706,0.9019678235054016,0.8843767642974854
02522A26.jpg,Round,3,high,1.1528586149215698,0.7991037964820862,0.508059561252594,0.30794546008110046,0.29217228293418884,0.4000646471977234,137.60989379882812,0.2502567172050476,0.1799899786710739,5.860416889190674,0.034822333604097366,0.13565708696842194,0.9015834331512451,0.26187828183174133,0.3848302960395813,1.562741756439209,0.0921240970492363,0.07878007739782333,1.5810328722000122,-0.002725470345467329,0.03847585618495941,0.17645958065986633,0.26694443821907043,0.7483957409858704,171.79367065429688,0.8463772535324097,0.8992090225219727,0.8963146209716797
05912A46.jpg,Oval,2,low,1.1736793518066406,0.8050252199172974,0.5115182399749756,0.311735600233078,0.29132547974586487,0.3973866403102875,140.0281982421875,0.26560208201408386,0.18865877389907837,3.694973945617676,0.03359554708003998,0.1603786051273346,0.9811766147613525,0.2646874189376831,0.42531853914260864,11.017887115478516,0.17515969276428223,0.08345139771699905,1.5667608976364136,0.004063654225319624,0.042325325310230255,0.20232698321342468,0.23866870999336243,0.49184247851371765,169.82830810546875,0.8374354243278503,0.919407069683075,0.9085626006126404
12024A49.jpg,Oblong,1,low,1.205763578414917,0.8260485529899597,0.5322355031967163,0.28358590602874756,0.2878536880016327,0.4286189377307892,134.611328125,0.2345481514930725,0.1771550476551056,3.682727813720703,0.033229026943445206,0.13812093436717987,0.995974600315094,0.252886563539505,0.3513130247592926,0.1632227897644043,0.11380330473184586,0.12058296799659729,1.5854442119598389,-0.024700451642274857,0.03557867929339409,0.17913566529750824,0.28589072823524475,0.7775276899337769,173.52317810058594,0.8401287794113159,0.8959033489227295,0.878524661064148
02253A26.jpg,Heart,0,low,1.2245696783065796,0.7584564089775085,0.4812595546245575,0.3242999315261841,0.31562238931655884,0.36211246252059937,146.5608673095703,0.24783086776733398,0.19351430237293243,8.833691596984863,0.03551303222775459,0.10744334757328033,0.8693212270736694,0.2915627658367157,0.3201940953731537,3.2835617065429688,0.11571602523326874,0.08067428320646286,1.491776704788208,0.006210959050804377,0.0341377928853035,0.17944948375225067,0.38999584317207336,0.6514548063278198,167.69200134277344,0.854699432849884,0.9033747911453247,0.9237707853317261
08751A25.jpg,Oblong,1,high,1.2603684663772583,0.7693934440612793,0.4937337040901184,0.3182933032512665,0.30892497301101685,0.37278828024864197,143.10693359375,0.2773275077342987,0.18085473775863647,6.014058589935303,0.037073250859975815,0.142137810587883,0.8784795999526978,0.28278177976608276,0.33686092495918274,-0.6828534603118896,0.12130824476480484,0.09168057888746262,1.6400226354599,-0.0020175897516310215,0.03869468718767166,0.20047612488269806,0.2882908582687378,0.6005913615226746,171.7464141845703,0.8864361643791199,0.920047402381897,0.915373682975769
12387A55.jpg,Round,3,low,1.2719050645828247,0.7914342880249023,0.5015304684638977,0.2913361191749573,0.3018808960914612,0.4165579676628113,143.9386749267578,0.24485284090042114,0.18091753125190735,3.348540782928467,0.03780301287770271,0.1852988600730896,0.9066974520683289,0.27257102727890015,0.2842620611190796,-0.6234116554260254,0.1263877898454666,0.11239637434482574,1.5457406044006348,-0.019834280014038086,0.04530554264783859,0.20048081874847412,0.2759033739566803,0.608932614326477,170.06480407714844,0.8739684224128723,0.9131647944450378,0.9029091596603394
02419A26.jpg,Round,3,high,1.111151933670044,0.8219261765480042,0.5267274975776672,0.30460435152053833,0.3136228024959564,0.3818119764328003,139.59042358398438,0.2510879337787628,0.17625516653060913,6.115932464599609,0.036056775599718094,0.12920010089874268,0.9179114103317261,0.28982436656951904,0.38332051038742065,5.76182746887207,0.1103266030550003,0.082399882376194,1.5720261335372925,0.003729414427652955,0.032611995935440063,0.1924179196357727,0.29058241844177246,0.5545161962509155,170.0441131591797,0.8239316940307617,0.8895028829574585,0.9241176843643188
12223A53.jpg,Round,3,low,1.186049222946167,0.8220064043998718,0.5270832180976868,0.29526281356811523,0.28338903188705444,0.4213787913322449,133.29043579101562,0.2595604658126831,0.17606765031814575,1.0890998840332031,0.03443595767021179,0.1495477706193924,0.8979811072349548,0.25076377391815186,0.3422585129737854,-0.811947762966156,0.1357475072145462,0.08747802674770355,1.6443536281585693,-0.02025587484240532,0.038218386471271515,0.1944490224123001,0.22589705884456635,0.7179227471351624,173.4582977294922,0.8669572472572327,0.9018343687057495,0.8848746418952942
12729A61.jpg,Oblong,1,high,1.2261813879013062,0.7829287648200989,0.521823525428772,0.258594810962677,0.2914295494556427,0.45003771781921387,144.204833984375,0.2654728591442108,0.18166930973529816,-1.5037310123443604,0.03005755878984928,0.1502428948879242,0.8854741454124451,0.2511221468448639,0.34508320689201355,1.8843677043914795,0.11150059849023819,0.14492695033550262,1.5986849069595337,-0.03385630622506142,0.03757421672344208,0.20362938940525055,0.19111420214176178,0.8150562644004822,169.39480590820312,0.8296284675598145,0.9078364968299866,0.8616908192634583
01281A20.jpg,Round,3,low,1.1924513578414917,0.7874820232391357,0.5042074918746948,0.3066270351409912,0.27648797631263733,0.4175681173801422,140.57992553710938,0.27980417013168335,0.18345238268375397,4.687674522399902,0.03291524201631546,0.13527362048625946,0.8049069046974182,0.24430660903453827,0.3565903604030609,1.447955846786499,0.10219577699899673,0.11434036493301392,1.5770223140716553,-0.0003478606231510639,0.037614479660987854,0.19298653304576874,0.26142361760139465,0.645980179309845,171.58399963378906,0.8354809284210205,0.907188355922699,0.8836066722869873
04819A37.jpg,Round,3,low,1.208777666091919,0.8343560099601746,0.5381363034248352,0.29035618901252747,0.27794504165649414,0.43317344784736633,137.87332153320312,0.2729997932910919,0.18847082555294037,3.537081241607666,0.031508952379226685,0.15243226289749146,0.9172242879867554,0.2439194917678833,0.42923617362976074,4.236554145812988,0.15831220149993896,0.08671026676893234,1.5380719900131226,0.0010106373811140656,0.04229676350951195,0.1908475160598755,0.21845291554927826,0.6558507084846497,170.70314025878906,0.8257426023483276,0.9201679229736328,0.8775817155838013
09375A29.jpg,Oblong,1,low,1.1146888732910156,0.8034055233001709,0.5171886682510376,0.2886008024215698,0.303057998418808,0.4084470868110657,134.232177734375,0.25779223442077637,0.17828187346458435,2.8912580013275146,0.03461281210184097,0.17146210372447968,0.8837570548057556,0.2683617174625397,0.3561839759349823,-1.6851553916931152,0.12828458845615387,0.08136913925409317,1.5590070486068726,-0.014119082130491734,0.03854275122284889,0.17905445396900177,0.07415973395109177,0.6735693216323853,174.17657470703125,0.8257217407226562,0.8942867517471313,0.8855127692222595
12811A63.jpg,Square,4,low,1.2975913286209106,0.8183842897415161,0.5135892033576965,0.3053683042526245,0.3039403259754181,0.39211779832839966,140.4346923828125,0.2531260848045349,0.1871200054883957,3.4961256980895996,0.03605788201093674,0.18867765367031097,1.0107662677764893,0.27618202567100525,0.4078448712825775,11.224562644958496,0.13480138778686523,0.08034290373325348,1.544487714767456,-0.0008841681410558522,0.04223551228642464,0.20708484947681427,0.1459890902042389,0.2963724136352539,169.45425415039062,0.8703048825263977,0.9205148816108704,0.9086718559265137
03070A28.jpg,Oval,2,low,1.3419386148452759,0.792794406414032,0.49820685386657715,0.30902358889579773,0.3079541325569153,0.3919464945793152,148.00030517578125,0.22654412686824799,0.2029808908700943,8.140610694885254,0.03526435047388077,0.11973599344491959,0.9664189219474792,0.2845612168312073,0.32986775040626526,2.8662872314453125,0.11058537662029266,0.0882069543004036,1.4456666707992554,0.009669444523751736,0.03773603215813637,0.18365103006362915,0.39079734683036804,0.6370857954025269,165.49591064453125,0.8555729389190674,0.9107012748718262,0.9240376949310303
01074A18.jpg,Heart,0,low,1.2550135850906372,0.7615177631378174,0.4945213198661804,0.31738054752349854,0.30696219205856323,0.37771493196487427,150.01611328125,0.26982250809669495,0.20065516233444214,8.377490997314453,0.03448067605495453,0.11200056225061417,0.8545886874198914,0.2815358638763428,0.30114975571632385,0.08289718627929688,0.16338910162448883,0.08695708215236664,1.473007082939148,-0.0018334458582103252,0.03408778831362724,0.19741861522197723,0.44614776968955994,0.48821306228637695,164.81448364257812,0.869765043258667,0.9091066718101501,0.9171679019927979
02947A28.jpg,Oval,2,low,1.271507740020752,0.7544580698013306,0.48138120770454407,0.3244287669658661,0.3388523757457733,0.33798864483833313,147.32122802734375,0.2882480323314667,0.20148581266403198,8.296669006347656,0.037166349589824677,0.16085286438465118,0.855657160282135,0.3157708942890167,0.3253825902938843,5.818159103393555,0.10445652157068253,0.09748832136392593,1.4656449556350708,0.009218831546604633,0.04161250591278076,0.2204664647579193,0.32258936762809753,0.6723184585571289,168.88876342773438,0.892923891544342,0.9350548982620239,0.9318833351135254
05380A41.jpg,Round,3,low,1.2072054147720337,0.859411895275116,0.5460689067840576,0.28084561228752136,0.26582303643226624,0.4548141658306122,133.156982421875,0.24910137057304382,0.16975900530815125,3.457655906677246,0.02720022015273571,0.1422833949327469,0.950992226600647,0.22769354283809662,0.4042460024356842,1.0566918849945068,0.1474851369857788,0.10496298968791962,1.6079472303390503,-0.012644623406231403,0.03913310170173645,0.16748403012752533,0.19490844011306763,0.6217167973518372,171.4478302001953,0.7626608610153198,0.9010733962059021,0.8565605282783508
08210A16.jpg,Oblong,1,low,1.2148758172988892,0.7699386477470398,0.4896358549594879,0.30365338921546936,0.3095501959323883,0.38698357343673706,145.31930541992188,0.26699334383010864,0.1843021959066391,5.869115829467773,0.03386181965470314,0.1388920247554779,0.8918110132217407,0.2811213433742523,0.33478155732154846,3.5157525539398193,0.11943251639604568,0.10457587242126465,1.5412144660949707,-0.0037619087379425764,0.0387275330722332,0.1949637532234192,0.2995184361934662,0.6882439255714417,169.72491455078125,0.840022623538971,0.9043658375740051,0.9081608057022095
11400A43.jpg,Round,3,low,1.1481581926345825,0.8144879341125488,0.5104426145553589,0.302932471036911,0.28742048144340515,0.40965214371681213,137.96604919433594,0.2631736993789673,0.1687002032995224,2.8106095790863037,0.03491632267832756,0.16864833235740662,0.9125465750694275,0.25343427062034607,0.3459629416465759,5.085953712463379,0.13867409527301788,0.11311433464288712,1.6611932516098022,-0.014612104743719101,0.040909335017204285,0.18712174892425537,0.2071884125471115,0.6274124979972839,171.68243408203125,0.8449993133544922,0.9088779091835022,0.8817543387413025
12392A55.jpg,Oblong,1,low,1.2821249961853027,0.8472040295600891,0.5604493618011475,0.26775866746902466,0.27219897508621216,0.46005579829216003,132.4383087158203,0.25812476873397827,0.17506878077983856,1.4020720720291138,0.02904476225376129,0.13430623710155487,0.9733137488365173,0.23223242163658142,0.3973539471626282,2.2637932300567627,0.16163542866706848,0.12347877025604248,1.6674329042434692,-0.01899532787501812,0.034080151468515396,0.1800127625465393,0.17530705034732819,0.6757645010948181,173.4329833984375,0.8111602067947388,0.9030874967575073,0.8531715869903564
00779A13.jpg,Oval,2,low,1.1994110345840454,0.783281683921814,0.49849197268486023,0.3062650263309479,0.30025413632392883,0.3942232131958008,136.579345703125,0.25551122426986694,0.1834101527929306,2.558224678039551,0.03658470883965492,0.18713442981243134,0.8388924598693848,0.2657471299171448,0.35523825883865356,0.40696096420288086,0.07726164907217026,0.10834838449954987,1.5966336727142334,-0.004335643723607063,0.04508524388074875,0.19922016561031342,0.2599368989467621,0.7565023899078369,174.6487274169922,0.8693598508834839,0.9067258834838867,0.8850740194320679
01476A21.jpg,Round,3,high,1.1312006711959839,0.8303756713867188,0.5257514715194702,0.2899732291698456,0.28588348627090454,0.4246166944503784,126.4246826171875,0.24811427295207977,0.16732414066791534,3.528667688369751,0.034339774399995804,0.166700080037117,0.8527013063430786,0.24293743073940277,0.35006165504455566,-3.9404096603393555,0.11068978160619736,0.08382784575223923,1.681064248085022,-0.00970794353634119,0.04620964452624321,0.17017249763011932,0.2470611184835434,0.8240571618080139,177.29812622070312,0.8289427757263184,0.9033606052398682,0.8497777581214905
12964A67.jpg,Round,3,low,1.217923879623413,0.8249782919883728,0.5400988459587097,0.2613818049430847,0.28585362434387207,0.45313993096351624,139.27944946289062,0.2546064555644989,0.17557771503925323,0.1698232889175415,0.03262387588620186,0.1590987890958786,1.1100945472717285,0.25207841396331787,0.45967838168144226,4.2945237159729,0.15078340470790863,0.09078250825405121,1.6444841623306274,-0.025038469582796097,0.035376474261283875,0.19219012558460236,0.09168515354394913,0.5584173798561096,170.06304931640625,0.8623906970024109,0.9126728177070618,0.8818444609642029
09311A29.jpg,Round,3,low,1.2967147827148438,0.7850205898284912,0.4948423504829407,0.31464430689811707,0.31406959891319275,0.3753879964351654,146.61488342285156,0.22729545831680298,0.19246423244476318,6.6737165451049805,0.03486151248216629,0.11590898036956787,1.0614056587219238,0.29018935561180115,0.34365832805633545,6.60215950012207,0.10614083707332611,0.09351639449596405,1.4861620664596558,0.013942333869636059,0.031817980110645294,0.1662144511938095,0.3597993552684784,0.651109516620636,166.9393768310547,0.8475514650344849,0.8955868482589722,0.9239650964736938
01715A23.jpg,Round,3,low,1.2514550685882568,0.7978814244270325,0.5059213042259216,0.31467100977897644,0.305143803358078,0.3805252015590668,141.75405883789062,0.27316880226135254,0.2015678733587265,6.586067199707031,0.03525206819176674,0.1646590232849121,0.9392451047897339,0.2823126018047333,0.43290168046951294,10.384248733520508,0.14935030043125153,0.06219390407204628,1.4765262603759766,0.019126327708363533,0.04823005944490433,0.2192348837852478,0.38251399993896484,0.3858095705509186,168.5169677734375,0.8768616914749146,0.9132143259048462,0.9251788854598999
11092A40.jpg,Square,4,low,1.22847580909729,0.7981017827987671,0.5111799836158752,0.3088110685348511,0.3203376829624176,0.37227946519851685,139.8840789794922,0.23224933445453644,0.1839141845703125,4.302943229675293,0.03611888736486435,0.1293201744556427,1.0106061697006226,0.292141318321228,0.337999552488327,-3.0002708435058594,0.07851521670818329,0.09853273630142212,1.5665645599365234,-0.014060715213418007,0.03274351358413696,0.17312154173851013,0.26088833808898926,0.7498944401741028,173.2867431640625,0.8518847823143005,0.9012996554374695,0.9119793176651001
07913A10.jpg,Round,3,low,1.2514326572418213,0.7975879907608032,0.5128306150436401,0.281770259141922,0.2706792652606964,0.4483714997768402,142.81924438476562,0.26504597067832947,0.17615315318107605,3.373070478439331,0.03017602674663067,0.14233970642089844,0.9834877252578735,0.2395486682653427,0.4000491797924042,6.39122200012207,0.2276356816291809,0.05625128000974655,1.5808957815170288,-0.011911979876458645,0.036830175668001175,0.17357943952083588,0.12699644267559052,0.6694249510765076,167.41937255859375,0.8445596098899841,0.9121814370155334,0.8849908113479614
08812A25.jpg,Oval,2,low,1.3708829879760742,0.7804028391838074,0.5064730644226074,0.3116276264190674,0.3296881318092346,0.36527368426322937,149.29534912109375,0.2555364966392517,0.21706627309322357,7.020926475524902,0.03369190916419029,0.11907988041639328,1.0303754806518555,0.3090944290161133,0.36871200799942017,11.511062622070312,0.09965170174837112,0.10901907086372375,1.4216890335083008,0.0071725137531757355,0.03573543205857277,0.20265111327171326,0.33859357237815857,0.5260009169578552,167.07896423339844,0.8983221054077148,0.9411936402320862,0.93753582239151
11870A48.jpg,Oblong,1,low,1.2652201652526855,0.8157028555870056,0.5237922668457031,0.29673001170158386,0.2913772165775299,0.4133059084415436,140.3470916748047,0.25344762206077576,0.1796659380197525,1.996734619140625,0.03254720941185951,0.1488160490989685,0.9122874140739441,0.2593436539173126,0.3369482755661011,2.866459846496582,0.10700693726539612,0.11613627523183823,1.5770787000656128,-0.0005687294760718942,0.03620019182562828,0.19423583149909973,0.2704934775829315,0.6844314336776733,171.2018585205078,0.8172604441642761,0.9000558853149414,0.8900614976882935
12390A55.jpg,Oblong,1,low,1.2330119609832764,0.8087458610534668,0.5257413387298584,0.2950391173362732,0.3045539855957031,0.4004126191139221,140.36099243164062,0.24225004017353058,0.18455101549625397,6.416153907775879,0.034032490104436874,0.12526151537895203,1.0578373670578003,0.2738814949989319,0.36624062061309814,6.789478778839111,0.1199309453368187,0.1389911025762558,1.5601701736450195,-0.010822484269738197,0.03431247919797897,0.18557417392730713,0.29874247312545776,0.6610085368156433,171.65078735351562,0.869168221950531,0.9035521745681763,0.8992871642112732
08962A27.jpg,Round,3,low,1.1539241075515747,0.7650337815284729,0.49141067266464233,0.30038774013519287,0.324940025806427,0.375891774892807,147.24720764160156,0.2400076985359192,0.18694405257701874,4.512335300445557,0.03647570684552193,0.14895032346248627,0.9708937406539917,0.2988813519477844,0.3281726539134979,2.375426769256592,0.09125527739524841,0.11355388909578323,1.555397629737854,0.0005612153327092528,0.036554329097270966,0.18116424977779388,0.23946787416934967,0.49806803464889526,169.24095153808594,0.8472564220428467,0.9083081483840942,0.9198046922683716
03185A29.jpg,Oval,2,low,1.2291330099105835,0.7766343951225281,0.5013901591300964,0.32789283990859985,0.31440606713294983,0.35775986313819885,146.00985717773438,0.2831142544746399,0.20052742958068848,9.208512306213379,0.03482409194111824,0.12764909863471985,0.8801211714744568,0.29499077796936035,0.34641045331954956,7.439690589904785,0.09404178708791733,0.10988862812519073,1.5133548974990845,0.01263031829148531,0.03626522421836853,0.21525219082832336,0.36240100860595703,0.5598184466362,167.2390899658203,0.8928608894348145,0.9137486815452576,0.9382477402687073
11720A46.jpg,Oblong,1,low,1.1565552949905396,0.8305208683013916,0.5219962000846863,0.3003363013267517,0.28831544518470764,0.4113519787788391,134.4620361328125,0.25543323159217834,0.16390247642993927,3.2762200832366943,0.03579571843147278,0.15790653228759766,0.9040101170539856,0.25758087635040283,0.3759181499481201,6.938811302185059,0.1308404952287674,0.0934801772236824,1.7289745807647705,-0.011146021075546741,0.04259886220097542,0.18243910372257233,0.2319432497024536,0.5738016366958618,174.2152099609375,0.8222078680992126,0.8904300928115845,0.8933994174003601
12370A55.jpg,Oblong,1,high,1.1803969144821167,0.7936885356903076,0.49213579297065735,0.3225204646587372,0.2932794988155365,0.3842046856880188,139.63803100585938,0.24016240239143372,0.16424399614334106,2.884126663208008,0.036507587879896164,0.15854650735855103,0.908169150352478,0.2669333219528198,0.33915120363235474,0.20360353589057922,0.09275934100151062,0.08692865073680878,1.7039412260055542,-0.008107120171189308,0.040894974023103714,0.17868711054325104,0.29199764132499695,0.6260203719139099,171.59593200683594,0.8315052390098572,0.8817906975746155,0.9101670980453491
06565A56.jpg,Round,3,low,1.1975747346878052,0.8484795689582825,0.5499244332313538,0.3010712265968323,0.287291944026947,0.41368961334228516,133.04847717285156,0.25571271777153015,0.19639673829078674,4.26716423034668,0.031059198081493378,0.11539310961961746,0.8313811421394348,0.25682416558265686,0.3636012375354767,5.332906723022461,0.07851409167051315,0.11892881244421005,1.5128960609436035,0.0036936516407877207,0.037099968641996384,0.19221137464046478,0.32405635714530945,0.5084925889968872,172.14576721191406,0.8369206190109253,0.9103055000305176,0.8939483761787415
05516A42.jpg,Oval,2,high,1.28264319896698,0.776743471622467,0.4922610819339752,0.30320578813552856,0.3010961413383484,0.39572277665138245,139.9160919189453,0.247192844748497,0.1816791296005249,7.508275985717773,0.03359104320406914,0.1517248898744583,0.8520023822784424,0.26752862334251404,0.3288057744503021,-0.3608793020248413,0.10192986577749252,0.08878281712532043,1.5773472785949707,-0.005004888400435448,0.04228919744491577,0.18274462223052979,0.3229621350765228,0.7465639710426331,171.17149353027344,0.8389806747436523,0.90300452709198,0.8885156512260437
12134A51.jpg,Oblong,1,high,1.295727252960205,0.776730477809906,0.5080693960189819,0.29453012347221375,0.3049719035625458,0.40191200375556946,147.76760864257812,0.2508080005645752,0.18851760029792786,3.886497735977173,0.03417621925473213,0.12146028131246567,1.0455888509750366,0.28158190846443176,0.39800316095352173,7.844935894012451,0.10986460745334625,0.0851357951760292,1.5328031778335571,0.004070842172950506,0.02974349446594715,0.18465271592140198,0.2690889835357666,0.6078808903694153,167.8655242919922,0.8759810924530029,0.9018437266349792,0.9233044385910034
12557A57.jpg,Oblong,1,low,1.2858670949935913,0.8069998621940613,0.5164960026741028,0.28513020277023315,0.2893640398979187,0.42550787329673767,137.44322204589844,0.23459234833717346,0.18099480867385864,2.0307652950286865,0.03377756103873253,0.15635810792446136,1.0397368669509888,0.25681596994400024,0.3877214789390564,6.785928726196289,0.1377297192811966,0.10479886829853058,1.6122123003005981,-0.029621409252285957,0.038802459836006165,0.1918402463197708,0.26209813356399536,0.5799136757850647,171.6940155029297,0.8753418922424316,0.9029578566551208,0.8875186443328857
07673A06.jpg,Round,3,low,1.166453242301941,0.7523434162139893,0.4714899957180023,0.3297789990901947,0.30207931995391846,0.37007495760917664,149.64683532714844,0.24789069592952728,0.18638096749782562,5.535820960998535,0.037946563214063644,0.11866972595453262,0.9802640080451965,0.28290316462516785,0.3791919946670532,15.604595184326172,0.16140341758728027,0.06244264915585518,1.551716685295105,0.00827164575457573,0.03426555544137955,0.17605626583099365,0.29240095615386963,0.3733523190021515,163.67901611328125,0.8807594180107117,0.9138387441635132,0.9365195035934448
06493A54.jpg,Round,3,low,1.1471283435821533,0.812066376209259,0.5427089333534241,0.2534708082675934,0.2506190538406372,0.49605074524879456,133.6710205078125,0.2468717396259308,0.19794410467147827,1.1401731967926025,0.03128364309668541,0.12484440207481384,0.9117393493652344,0.21208088099956512,0.3953896164894104,1.260422945022583,0.16155128180980682,0.11793730407953262,1.4981669187545776,-0.011251921765506268,0.032711680978536606,0.18328185379505157,0.21209155023097992,0.699186384677887,172.4617919921875,0.8498147130012512,0.8973137736320496,0.8462280035018921
10597A36.jpg,Oblong,1,low,1.2737497091293335,0.8130011558532715,0.5281199812889099,0.2744395136833191,0.29253366589546204,0.4332893490791321,137.8595733642578,0.26118943095207214,0.18390314280986786,1.668473243713379,0.030013373121619225,0.15519815683364868,0.9062079191207886,0.25551432371139526,0.3435381054878235,2.1967806816101074,0.13725411891937256,0.11866254359483719,1.5533047914505005,-0.01433223020285368,0.04014376178383827,0.19366301596164703,0.2657548487186432,0.7511751055717468,171.15792846679688,0.8360843658447266,0.9040467143058777,0.8734527230262756
11833A47.jpg,Square,4,low,1.2235523462295532,0.83797287940979,0.542351245880127,0.283576101064682,0.24936580657958984,0.47056302428245544,138.04058837890625,0.23665636777877808,0.186082661151886,3.1085076332092285,0.030443476513028145,0.13465844094753265,0.9564832448959351,0.22032471001148224,0.35950222611427307,2.4186105728149414,0.1403796523809433,0.10698530077934265,1.504408359527588,-0.0017061951803043485,0.0352453850209713,0.1806318759918213,0.23549486696720123,0.5442522168159485,171.1661376953125,0.7892805337905884,0.8957238793373108,0.8835402131080627
11706A46.jpg,Oblong,1,low,1.2238309383392334,0.7904972434043884,0.5060167908668518,0.3020225465297699,0.3057995140552521,0.39218971133232117,141.78289794921875,0.2575044631958008,0.1704207807779312,6.76827335357666,0.034063972532749176,0.11719837784767151,0.9409501552581787,0.27939245104789734,0.3359133005142212,4.296192169189453,0.09005758911371231,0.09316849708557129,1.6397243738174438,-0.0030664398800581694,0.035278040915727615,0.17231591045856476,0.2760249674320221,0.6288447976112366,172.03201293945312,0.8213405013084412,0.8947208523750305,0.91364586353302
10086A33.jpg,Oval,2,low,1.333499789237976,0.7919479608535767,0.5115124583244324,0.2779644727706909,0.2836860120296478,0.4439432621002197,145.77134704589844,0.26611220836639404,0.1855151206254959,5.356157302856445,0.02902284637093544,0.1356765478849411,1.0203907489776611,0.25523489713668823,0.43955865502357483,7.506539344787598,0.14838145673274994,0.09138675779104233,1.5184201002120972,0.007333979941904545,0.036039579659700394,0.19118954241275787,0.2772674560546875,0.5591162443161011,168.19830322265625,0.8304699659347534,0.9129400849342346,0.8997091054916382
12622A59.jpg,Round,3,low,1.2369314432144165,0.7898070216178894,0.5023053884506226,0.3034437894821167,0.28116458654403687,0.41852790117263794,142.51161193847656,0.2321195900440216,0.17565813660621643,3.1786491870880127,0.03254516422748566,0.17118950188159943,1.0241950750350952,0.25240424275398254,0.3159307837486267,6.085010051727295,0.14928464591503143,0.10335677117109299,1.5945366621017456,-0.017269814386963844,0.04462040215730667,0.18714310228824615,0.2617987394332886,0.5240928530693054,169.3418426513672,0.8029860258102417,0.8993467092514038,0.8977099061012268
02830A27.jpg,Oval,2,low,1.3027756214141846,0.7789233326911926,0.4950557351112366,0.3149670660495758,0.30786195397377014,0.3772353529930115,145.61546325683594,0.2702071964740753,0.2045821100473404,7.260552406311035,0.03103863261640072,0.15635402500629425,0.9197063446044922,0.28087741136550903,0.35437464714050293,-0.4801660478115082,0.11869676411151886,0.0909070298075676,1.454168677330017,0.0002227745862910524,0.044363878667354584,0.21054182946681976,0.3374176025390625,0.6969362497329712,167.9436492919922,0.8446565866470337,0.9339246153831482,0.9123485088348389
05395A41.jpg,Oval,2,low,1.32805597782135,0.8002703785896301,0.5116785168647766,0.3018529415130615,0.3109566867351532,0.39445582032203674,149.19921875,0.2372860610485077,0.18219828605651855,5.136695861816406,0.036130573600530624,0.13667897880077362,1.089110016822815,0.2898234724998474,0.43937814235687256,19.305295944213867,0.16240763664245605,0.06390203535556793,1.5582135915756226,0.01282482873648405,0.03327865153551102,0.18620046973228455,0.24672281742095947,0.40161195397377014,164.61941528320312,0.8528488278388977,0.9202322363853455,0.9320380687713623
00419A08.jpg,Round,3,low,1.2100940942764282,0.789575457572937,0.5087171196937561,0.29035240411758423,0.27777886390686035,0.4355316162109375,140.296630859375,0.2426787167787552,0.18154123425483704,3.289849042892456,0.03406140208244324,0.16976851224899292,0.8364669680595398,0.24364084005355835,0.31686651706695557,-0.04946337640285492,0.1769387573003769,0.10193342715501785,1.580879807472229,-0.014053599908947945,0.04166368395090103,0.18871676921844482,0.2295701950788498,0.6741657853126526,169.29298400878906,0.8425168395042419,0.9114282727241516,0.8771035671234131
11583A45.jpg,Oblong,1,high,1.253014087677002,0.7648681998252869,0.4988880455493927,0.2924101948738098,0.30623432993888855,0.40141087770462036,145.40396118164062,0.25507861375808716,0.18517063558101654,4.957952499389648,0.03421047329902649,0.12696275115013123,0.9500197172164917,0.27589184045791626,0.34489506483078003,1.234921932220459,0.10840684920549393,0.11063287407159805,1.5915272235870361,-0.010007744655013084,0.03201800584793091,0.18782038986682892,0.2924446761608124,0.629608690738678,170.3443603515625,0.8534949421882629,0.9014025926589966,0.9009174108505249
02191A25.jpg,Round,3,low,1.2264271974563599,0.7721379399299622,0.48183542490005493,0.31386134028434753,0.3038516044616699,0.3822915554046631,143.47052001953125,0.2367541790008545,0.18181212246418,8.949156761169434,0.033721063286066055,0.12615734338760376,0.9117296934127808,0.2763752043247223,0.3377830684185028,6.026225566864014,0.13841640949249268,0.08998344838619232,1.5575875043869019,0.004126063082367182,0.037370506674051285,0.17637886106967926,0.3740893602371216,0.501880407333374,167.39724731445312,0.8125962615013123,0.8893561959266663,0.9095730185508728
01504A21.jpg,Round,3,low,1.2340633869171143,0.804487407207489,0.5131774544715881,0.30687078833580017,0.30126816034317017,0.39197877049446106,144.24620056152344,0.2789481580257416,0.1967354267835617,5.862438678741455,0.03368378430604935,0.12117668241262436,0.9428974390029907,0.2792075276374817,0.3903072774410248,5.137570858001709,0.13787488639354706,0.07889465987682343,1.5132240056991577,0.0034616938792169094,0.036599334329366684,0.20118221640586853,0.34241169691085815,0.5469533801078796,166.23394775390625,0.8871517181396484,0.9246153235435486,0.9267741441726685
00022A02.jpg,Round,3,low,1.1979665756225586,0.7845950722694397,0.4953170716762543,0.3283642828464508,0.32177734375,0.3514162600040436,141.06214904785156,0.27660098671913147,0.1958344727754593,7.591758728027344,0.036495599895715714,0.15564440190792084,0.8255077600479126,0.29364609718322754,0.2828976809978485,-5.034782409667969,0.10964624583721161,0.10632201284170151,1.5364307165145874,-0.008510309271514416,0.04481765255331993,0.20371754467487335,0.4493943452835083,0.7005932331085205,167.06619262695312,0.895097553730011,0.9221454858779907,0.912575364112854
11318A42.jpg,Oval,2,low,1.3520711660385132,0.818396270275116,0.5291246771812439,0.2918734848499298,0.3045032024383545,0.40632304549217224,145.41978454589844,0.23636043071746826,0.18055112659931183,2.9441726207733154,0.035556547343730927,0.14209355413913727,1.1035358905792236,0.28336310386657715,0.4326004087924957,18.097476959228516,0.16022765636444092,0.08129580318927765,1.5608357191085815,-0.005405811592936516,0.03570673242211342,0.18177199363708496,0.30171123147010803,0.4760468900203705,165.30282592773438,0.8653467297554016,0.9023427963256836,0.9305750727653503
11681A45.jpg,Square,4,low,1.1945815086364746,0.8346300721168518,0.5312497019767761,0.3229818046092987,0.303926557302475,0.37352409958839417,139.50897216796875,0.21796450018882751,0.1763484925031662,4.54124641418457,0.03624725341796875,0.11334118247032166,1.1730458736419678,0.28586313128471375,0.3813624680042267,12.63607406616211,0.07065196335315704,0.08994714170694351,1.6204493045806885,0.02276882715523243,0.03466659039258957,0.1705508679151535,0.26710113883018494,0.3942444324493408,170.93821716308594,0.8403597474098206,0.8939601182937622,0.9405665397644043
06031A47.jpg,Oval,2,low,1.2421051263809204,0.7622328996658325,0.48170962929725647,0.2943735122680664,0.30209648609161377,0.4036071300506592,145.42022705078125,0.2344026118516922,0.17903463542461395,2.396148204803467,0.034464817494153976,0.1850910782814026,1.0911246538162231,0.27202069759368896,0.46381399035453796,15.294036865234375,0.1833064705133438,0.06679464876651764,1.6038235425949097,-0.011296067386865616,0.045238688588142395,0.17773866653442383,0.2032005786895752,0.4602774679660797,166.92730712890625,0.8623152375221252,0.9116231203079224,0.9004430770874023
02106A25.jpg,Round,3,low,1.1754229068756104,0.736777663230896,0.46528929471969604,0.34274500608444214,0.34285807609558105,0.31648871302604675,151.87698364257812,0.282472163438797,0.2064126878976822,7.900324821472168,0.03962415084242821,0.14592595398426056,0.9678020477294922,0.32880866527557373,0.39571598172187805,16.20269012451172,0.116167813539505,0.06435530632734299,1.4751020669937134,0.008988156914710999,0.04188304767012596,0.21662229299545288,0.33802300691604614,0.40273740887641907,165.6167449951172,0.9170359373092651,0.9397744536399841,0.9590226411819458
09762A32.jpg,Oblong,1,low,1.1938889026641846,0.8351126909255981,0.5478711128234863,0.2706596553325653,0.26267266273498535,0.4666849672794342,132.13340759277344,0.2318476289510727,0.1703549474477768,3.119130849838257,0.03269175812602043,0.15166963636875153,1.0379555225372314,0.2268020510673523,0.43611064553260803,4.125373840332031,0.19343984127044678,0.08190682530403137,1.6244769096374512,-0.021008595824241638,0.03877975791692734,0.1689983308315277,0.223731130361557,0.6729865074157715,174.87081909179688,0.8219422698020935,0.8881409168243408,0.8634398579597473
12816A63.jpg,Round,3,low,1.2636127471923828,0.8341356515884399,0.5367507934570312,0.27484849095344543,0.2694379389286041,0.4569314420223236,135.13885498046875,0.23642300069332123,0.16838988661766052,2.336176633834839,0.02960691787302494,0.12642143666744232,0.9438225030899048,0.2307034730911255,0.3173690140247345,-5.232247829437256,0.17292116582393646,0.09796938300132751,1.6143977642059326,-0.015393160283565521,0.037446144968271255,0.1598423421382904,0.283956915140152,0.6729642748832703,171.96524047851562,0.7928228378295898,0.8924930691719055,0.8562397360801697
03477A30.jpg,Round,3,low,1.2620084285736084,0.7906801700592041,0.5013546347618103,0.30216071009635925,0.3012641370296478,0.3971934914588928,146.76113891601562,0.2615026533603668,0.17644868791103363,6.800243377685547,0.033782556653022766,0.13125324249267578,1.0248271226882935,0.2791685163974762,0.4550604522228241,16.800735473632812,0.15832315385341644,0.05573948472738266,1.6056344509124756,0.014310167171061039,0.03631274402141571,0.1783059686422348,0.23873355984687805,0.4742836356163025,165.16488647460938,0.8386827111244202,0.9059918522834778,0.9266570210456848
11490A44.jpg,Square,4,low,1.1974740028381348,0.806929886341095,0.5137273669242859,0.2989773452281952,0.30548933148384094,0.3955395519733429,138.33047485351562,0.2510680854320526,0.18189695477485657,2.8370563983917236,0.03428643196821213,0.13638070225715637,1.0157593488693237,0.2776443362236023,0.35817593336105347,3.342146635055542,0.09165813773870468,0.10394342243671417,1.5857410430908203,-0.012371780350804329,0.03548771142959595,0.18194706737995148,0.22137236595153809,0.677204430103302,173.76480102539062,0.8517207503318787,0.9053372740745544,0.908851146697998
04629A36.jpg,Round,3,low,1.123547911643982,0.834186315536499,0.5308399200439453,0.2977631986141205,0.2843131422996521,0.41794171929359436,135.9688262939453,0.24458174407482147,0.16428038477897644,7.012474060058594,0.029938608407974243,0.11683949828147888,0.9985058307647705,0.25254911184310913,0.3999740481376648,2.197885036468506,0.10302159935235977,0.08992613852024078,1.6419686079025269,0.0033699017949402332,0.03774278238415718,0.1623966097831726,0.2161106914281845,0.6351632475852966,172.7210693359375,0.7429777383804321,0.8877109289169312,0.8882780075073242
08562A22.jpg,Oval,2,low,1.296142578125,0.7564985156059265,0.4859645366668701,0.32445788383483887,0.3357306718826294,0.34075501561164856,148.16021728515625,0.2786158621311188,0.2019050121307373,7.116874694824219,0.034742433577775955,0.12939825654029846,0.9625957012176514,0.3172973692417145,0.39329656958580017,9.748882293701172,0.0945487916469574,0.08295343071222305,1.5209025144577026,-0.0023753708228468895,0.03602760285139084,0.20377594232559204,0.34844860434532166,0.5144963264465332,167.8128662109375,0.8978917598724365,0.9269641041755676,0.9450949430465698
12592A58.jpg,Oblong,1,low,1.2463934421539307,0.8085988163948059,0.5242741703987122,0.3017950654029846,0.2819523811340332,0.41695669293403625,138.48719787597656,0.25087451934814453,0.17458713054656982,3.717745542526245,0.03293263539671898,0.13240289688110352,1.0870274305343628,0.25271305441856384,0.3816077709197998,0.4912869930267334,0.10814811289310455,0.0907532349228859,1.6677393913269043,0.00010108031710842624,0.03273820877075195,0.17400901019573212,0.20467941462993622,0.7425742745399475,171.7766876220703,0.8560845255851746,0.9107797741889954,0.8962969779968262
05083A39.jpg,Heart,0,low,1.2032910585403442,0.7786568999290466,0.5002060532569885,0.28325513005256653,0.2826314866542816,0.43415698409080505,138.67428588867188,0.22531366348266602,0.1873023808002472,3.4111328125,0.0326724648475647,0.15552012622356415,1.0530033111572266,0.24517585337162018,0.4150266647338867,-0.8077692985534668,0.1607014685869217,0.07491713017225266,1.5571129322052002,-0.024233505129814148,0.04095994681119919,0.18124181032180786,0.27160465717315674,0.6683241128921509,171.91165161132812,0.839362382888794,0.904822051525116,0.8674753904342651
10089A33.jpg,Oblong,1,low,1.2574831247329712,0.7669559717178345,0.4923107326030731,0.3111621141433716,0.30119866132736206,0.3879909813404083,142.85415649414062,0.25199222564697266,0.18949250876903534,4.403800010681152,0.03464805334806442,0.1350283920764923,0.937713086605072,0.2781403660774231,0.370491623878479,8.150097846984863,0.12320289760828018,0.07195288687944412,1.546900987625122,0.0150000574067235,0.04239250347018242,0.18829940259456635,0.3211347460746765,0.46003010869026184,170.42031860351562,0.8709865212440491,0.8981030583381653,0.9234448671340942
04887A37.jpg,Oval,2,high,1.3127012252807617,0.8085865378379822,0.5133913159370422,0.30521416664123535,0.29137325286865234,0.40741434693336487,138.82257080078125,0.2509322166442871,0.18629008531570435,7.249645233154297,0.029973041266202927,0.14245262742042542,0.9097303748130798,0.26028239727020264,0.3730044662952423,1.0683794021606445,0.12281390279531479,0.09452124685049057,1.5168918371200562,0.0030639369506388903,0.0447617843747139,0.1929551362991333,0.3658667206764221,0.7567554116249084,171.6906280517578,0.7913220524787903,0.9081189036369324,0.893295407295227
06172A49.jpg,Oval,2,low,1.3070802688598633,0.7767462134361267,0.4961724579334259,0.290959894657135,0.2811020314693451,0.42797109484672546,144.0733642578125,0.23560938239097595,0.18764813244342804,6.105264663696289,0.03078370913863182,0.16537486016750336,0.9446905255317688,0.24746449291706085,0.41334307193756104,10.163763999938965,0.164215087890625,0.09888410568237305,1.5209628343582153,0.0002144618920283392,0.044456735253334045,0.18146613240242004,0.27374890446662903,0.5863377451896667,167.60011291503906,0.8114701509475708,0.8981234431266785,0.8803368806838989
09200A28.jpg,Square,4,low,1.1664116382598877,0.7976476550102234,0.5071251392364502,0.3004760444164276,0.288251668214798,0.41140738129615784,137.86770629882812,0.2403390258550644,0.17369116842746735,4.488304138183594,0.03529445827007294,0.12930002808570862,0.985049307346344,0.2539290189743042,0.32446882128715515,-3.204798460006714,0.1308715045452118,0.09051936864852905,1.6405115127563477,-0.0038818621542304754,0.03400745615363121,0.167959064245224,0.22501282393932343,0.7445520758628845,174.1498260498047,0.8289669156074524,0.895014762878418,0.8809281587600708
06976A65.jpg,Round,3,low,1.2559250593185425,0.8417001962661743,0.5278100371360779,0.3072015345096588,0.308410108089447,0.38741058111190796,138.76266479492188,0.25927355885505676,0.17598353326320648,5.851865768432617,0.03283407539129257,0.12826307117938995,1.0225155353546143,0.2830825448036194,0.4494708180427551,10.720099449157715,0.09567072987556458,0.08345453441143036,1.5960171222686768,-0.005039003677666187,0.03418133780360222,0.18210433423519135,0.22987866401672363,0.6082294583320618,170.68136596679688,0.8217731714248657,0.9166245460510254,0.9178770184516907
06021A47.jpg,Oval,2,low,1.191275954246521,0.7871690988540649,0.4972985088825226,0.3055762052536011,0.2942720353603363,0.40015310049057007,137.72140502929688,0.24671685695648193,0.19061283767223358,4.734238624572754,0.03503520041704178,0.13638515770435333,0.8209347724914551,0.2594529390335083,0.3229341208934784,-1.4344596862792969,0.09756889939308167,0.1092468649148941,1.5254912376403809,-0.016821159049868584,0.04019414260983467,0.18417148292064667,0.3911033868789673,0.7284152507781982,172.0437469482422,0.8809354901313782,0.8997283577919006,0.8816772103309631
06141A48.jpg,Oblong,1,low,1.2673892974853516,0.8351889252662659,0.5375087857246399,0.28199923038482666,0.27673277258872986,0.4415178894996643,132.67889404296875,0.2626047730445862,0.17663556337356567,5.830357551574707,0.028900867328047752,0.12716972827911377,0.8681936264038086,0.23950907588005066,0.36247456073760986,-3.109248161315918,0.14005552232265472,0.09307418763637543,1.585587501525879,-0.014539087191224098,0.03911773860454559,0.18060976266860962,0.36264413595199585,0.7921790480613708,172.05718994140625,0.8038148880004883,0.8969953656196594,0.8654886484146118
01454A21.jpg,Oval,2,low,1.258324146270752,0.7611262798309326,0.4806787371635437,0.3180996775627136,0.2970714569091797,0.3859178423881531,146.4976043701172,0.2417118102312088,0.19323144853115082,9.323559761047363,0.03292867913842201,0.14252743124961853,1.0304644107818604,0.2735050320625305,0.4221397042274475,11.95329475402832,0.13421034812927246,0.06547000259160995,1.5200250148773193,0.008047083392739296,0.043430086225271225,0.18705306947231293,0.3571511507034302,0.480151891708374,167.3249053955078,0.8498664498329163,0.9114044904708862,0.9206709265708923
05117A39.jpg,Round,3,low,1.245781660079956,0.7752186059951782,0.48908981680870056,0.31756535172462463,0.29765188694000244,0.38479647040367126,138.73385620117188,0.246521458029747,0.19455724954605103,5.744687557220459,0.03271928057074547,0.15937796235084534,0.9506589770317078,0.26621130108833313,0.37399664521217346,3.8224618434906006,0.11425336450338364,0.09955655038356781,1.5324256420135498,-0.00829029269516468,0.04419209808111191,0.20070652663707733,0.3616699278354645,0.5687401294708252,172.78424072265625,0.8524588346481323,0.9052571654319763,0.8943712711334229
03925A32.jpg,Round,3,low,1.2065166234970093,0.7611682415008545,0.4764114022254944,0.33115890622138977,0.329843133687973,0.3391999304294586,143.98556518554688,0.24686817824840546,0.1902001053094864,8.363664627075195,0.035772521048784256,0.1349993646144867,0.9773612022399902,0.30900874733924866,0.3874465525150299,14.690330505371094,0.09039992839097977,0.06319823116064072,1.5102657079696655,0.015560132451355457,0.040429942309856415,0.18542753159999847,0.3202683627605438,0.5949944853782654,169.58538818359375,0.8579412698745728,0.9031107425689697,0.9368354678153992
06093A47.jpg,Square,4,low,1.1666702032089233,0.8491694927215576,0.5515202283859253,0.27192965149879456,0.2669931650161743,0.4647405445575714,131.0733642578125,0.24043917655944824,0.17979058623313904,1.846610188484192,0.03131827339529991,0.14755018055438995,0.9957588315010071,0.22473812103271484,0.4020772874355316,-3.9063282012939453,0.09399701654911041,0.12459594011306763,1.5729118585586548,-0.01652616076171398,0.036339908838272095,0.17415586113929749,0.17083293199539185,0.8004772663116455,175.80319213867188,0.8099316358566284,0.9039406180381775,0.8417373299598694
01431A21.jpg,Round,3,low,1.2037004232406616,0.7422703504562378,0.4572257399559021,0.3531803488731384,0.3527710735797882,0.29418274760246277,149.17767333984375,0.27406996488571167,0.20396418869495392,9.553242683410645,0.03807324916124344,0.13092860579490662,1.0109577178955078,0.33819299936294556,0.43361184000968933,15.901387214660645,0.09633108973503113,0.056826721876859665,1.452594518661499,0.01651959866285324,0.0442940890789032,0.20510680973529816,0.36056745052337646,0.4912220239639282,167.02072143554688,0.892122745513916,0.938056230545044,0.9586755037307739
01609A22.jpg,Round,3,low,1.2055708169937134,0.7539876103401184,0.48280811309814453,0.3212513029575348,0.32660871744155884,0.3524080216884613,148.98184204101562,0.26427823305130005,0.1876830905675888,4.896686553955078,0.03700520843267441,0.13658112287521362,0.9418501853942871,0.30524227023124695,0.36926740407943726,7.630032539367676,0.10026782006025314,0.0800725519657135,1.5684115886688232,0.01230691559612751,0.026721497997641563,0.17787036299705505,0.09644829481840134,0.5251883268356323,168.3858642578125,0.8731628060340881,0.905468761920929,0.9345808625221252
00227A05.jpg,Round,3,high,1.1519954204559326,0.7700943350791931,0.48966267704963684,0.2974059581756592,0.29934242367744446,0.40421968698501587,145.09542846679688,0.2503242492675781,0.18545125424861908,5.663076877593994,0.03375072032213211,0.1583893746137619,0.936322033405304,0.2692112624645233,0.36465051770210266,11.03373908996582,0.15552468597888947,0.09561608731746674,1.5347532033920288,-0.019110674038529396,0.04356786236166954,0.1921251118183136,0.3053955137729645,0.5196545720100403,166.05368041992188,0.8610984683036804,0.9165048003196716,0.8993421792984009
12109A51.jpg,Square,4,low,1.1979916095733643,0.8360309600830078,0.5292586088180542,0.28507694602012634,0.2846333086490631,0.4304285943508148,137.16802978515625,0.23207008838653564,0.16924774646759033,1.5075275897979736,0.032274603843688965,0.13435782492160797,0.9803115129470825,0.25264278054237366,0.36106523871421814,3.2007479667663574,0.12045279890298843,0.10907003283500671,1.5945805311203003,-0.014664785005152225,0.03500225022435188,0.16145965456962585,0.19524702429771423,0.4658252000808716,171.76348876953125,0.7805109620094299,0.8812633752822876,0.887607991695404
06637A57.jpg,Oblong,1,low,1.284326434135437,0.8246567249298096,0.5136852264404297,0.32846081256866455,0.3219510614871979,0.35217827558517456,140.76904296875,0.21792304515838623,0.20291559398174286,7.037124156951904,0.035866331309080124,0.14299814403057098,1.104642391204834,0.3016594648361206,0.4054398536682129,12.298462867736816,0.0937298983335495,0.0756949633359909,1.3968082666397095,0.015910567715764046,0.04102499783039093,0.18266910314559937,0.38732773065567017,0.5473130941390991,169.28955078125,0.8451429009437561,0.9024524688720703,0.9369730353355408
11482A43.jpg,Round,3,low,1.243496298789978,0.8286265134811401,0.529009222984314,0.3008866310119629,0.31346115469932556,0.38875100016593933,139.10235595703125,0.25301846861839294,0.18008551001548767,3.8907132148742676,0.03614507615566254,0.1766984909772873,0.9636633396148682,0.2859795093536377,0.3250201642513275,0.3273061513900757,0.09246448427438736,0.09383337199687958,1.5447012186050415,0.0073408521711826324,0.04003141075372696,0.18345504999160767,0.14784099161624908,0.6344002485275269,171.5190887451172,0.8436636924743652,0.9046497941017151,0.9123284220695496
02188A25.jpg,Round,3,low,1.24184250831604,0.7587945461273193,0.48041608929634094,0.32311347126960754,0.32146185636520386,0.3574705421924591,149.157470703125,0.25775325298309326,0.1931878924369812,8.032600402832031,0.03643079847097397,0.1507759839296341,0.9953516721725464,0.3021189570426941,0.3794236481189728,11.751317977905273,0.099015973508358,0.0786365419626236,1.5491780042648315,0.012595986016094685,0.04584630951285362,0.2103152573108673,0.35700955986976624,0.5691437721252441,166.68296813964844,0.8965947031974792,0.9372397065162659,0.9398282766342163
03733A31.jpg,Oval,2,low,1.1617591381072998,0.7920953035354614,0.5040430426597595,0.30426132678985596,0.3258633315563202,0.3713103234767914,147.685302734375,0.23845182359218597,0.19083376228809357,7.885685920715332,0.0363718643784523,0.1368207484483719,1.00174081325531,0.3065377473831177,0.41779327392578125,15.922052383422852,0.16366295516490936,0.06910263746976852,1.5013607740402222,0.019640928134322166,0.036743681877851486,0.20029525458812714,0.36724573373794556,0.40848851203918457,165.4071502685547,0.8561412692070007,0.9035050272941589,0.9406941533088684
03371A29.jpg,Oval,2,high,1.198111653327942,0.7817702293395996,0.49616074562072754,0.29984650015830994,0.30193567276000977,0.3982487618923187,145.20172119140625,0.23495405912399292,0.18663543462753296,7.56569766998291,0.03426743671298027,0.11915478110313416,0.9402613043785095,0.2755327522754669,0.36568957567214966,10.637815475463867,0.1461997777223587,0.08637116104364395,1.5388679504394531,0.005806714296340942,0.03433769941329956,0.17411883175373077,0.3100421726703644,0.4266381859779358,167.2115020751953,0.8314847946166992,0.8985597491264343,0.9125545024871826
10202A34.jpg,Square,4,low,1.260391116142273,0.8173806071281433,0.5288978815078735,0.2719237208366394,0.28713905811309814,0.44094961881637573,136.14187622070312,0.2594541013240814,0.183994323015213,0.8184645175933838,0.03237712010741234,0.16020941734313965,0.9505487680435181,0.24578186869621277,0.36831167340278625,-0.9745999574661255,0.09122182428836823,0.13111063838005066,1.5881445407867432,-0.02582349255681038,0.04113425686955452,0.1942957043647766,0.2280721366405487,0.8398027420043945,174.56356811523438,0.8234972953796387,0.9165326952934265,0.8559680581092834
05202A40.jpg,Oval,2,high,1.288499355316162,0.8069835901260376,0.5160375237464905,0.3056468367576599,0.30391988158226013,0.3911516070365906,140.40219116210938,0.2381247580051422,0.1798146665096283,7.451949119567871,0.03314542770385742,0.1313137263059616,0.9473316669464111,0.27623528242111206,0.3462020754814148,9.582148551940918,0.09431754797697067,0.11114505678415298,1.5675541162490845,0.0016762345330789685,0.036497198045253754,0.18180592358112335,0.3916572332382202,0.6086568832397461,169.18878173828125,0.8262913823127747,0.8907294869422913,0.9089082479476929
12492A56.jpg,Round,3,low,1.2066458463668823,0.8360404968261719,0.5196819305419922,0.33035051822662354,0.32487109303474426,0.34618937969207764,138.30172729492188,0.22876137495040894,0.18161271512508392,7.49510383605957,0.037837058305740356,0.1646367758512497,1.1172703504562378,0.3062968850135803,0.3563443422317505,10.359367370605469,0.07236748188734055,0.10157053172588348,1.540345549583435,0.010180546902120113,0.04294577240943909,0.1957656443119049,0.29840636253356934,0.4377288222312927,171.6187744140625,0.8424761295318604,0.9057323932647705,0.9428259134292603
01855A24.jpg,Round,3,low,1.2383792400360107,0.7612079381942749,0.47918373346328735,0.3321421444416046,0.32433104515075684,0.3460894525051117,146.03878784179688,0.2774210572242737,0.1918882578611374,9.256017684936523,0.03609973564743996,0.1217932403087616,0.930281400680542,0.3032393157482147,0.4301886558532715,15.383326530456543,0.1152672991156578,0.08051005750894547,1.53620445728302,0.029221031814813614,0.03612279146909714,0.19222436845302582,0.29911765456199646,0.482176274061203,167.67623901367188,0.8731220960617065,0.9234299659729004,0.9349685311317444
08341A18.jpg,Oval,2,low,1.245284080505371,0.7899737358093262,0.5148632526397705,0.2802775502204895,0.28226685523986816,0.44122564792633057,141.4209747314453,0.2647131085395813,0.19563837349414825,2.7326107025146484,0.03300560638308525,0.14565597474575043,0.8737702965736389,0.2461746782064438,0.3327075242996216,-3.696422815322876,0.1205710843205452,0.12334807217121124,1.535879135131836,-0.014286317862570286,0.03925326094031334,0.1913517862558365,0.2936898171901703,0.7521884441375732,171.60052490234375,0.8816505074501038,0.9181177616119385,0.8721345663070679
00894A15.jpg,Round,3,high,1.1962007284164429,0.8182134032249451,0.5260336995124817,0.2867029905319214,0.29940325021743774,0.41433635354042053,137.52696228027344,0.2689701318740845,0.17252607643604279,4.5305681228637695,0.0328182689845562,0.14681676030158997,0.9703676700592041,0.2682057023048401,0.4211161434650421,3.8576107025146484,0.13753794133663177,0.06748548895120621,1.6426043510437012,-0.010298383422195911,0.037321243435144424,0.20251433551311493,0.22280742228031158,0.7235914468765259,170.5348663330078,0.8387569785118103,0.9066779017448425,0.8958009481430054
01830A24.jpg,Oval,2,low,1.2537800073623657,0.7510995864868164,0.4713171720504761,0.348224937915802,0.361395925283432,0.2905646860599518,147.84881591796875,0.26397591829299927,0.20261360704898834,11.553035736083984,0.037601154297590256,0.14815163612365723,0.9140526652336121,0.3461705148220062,0.3174525499343872,11.89442253112793,0.06336720287799835,0.09580789506435394,1.4483530521392822,0.019142290577292442,0.04315852001309395,0.20707406103610992,0.3950052261352539,0.5531783699989319,164.93093872070312,0.8952417373657227,0.9244293570518494,0.957870602607727
10885A38.jpg,Oblong,1,high,1.1975525617599487,0.8344489932060242,0.5335479974746704,0.3015902638435364,0.2859739065170288,0.41248923540115356,133.03509521484375,0.27267712354660034,0.17032203078269958,6.597477436065674,0.034063246101140976,0.13110576570034027,0.8558740615844727,0.25316518545150757,0.37027865648269653,0.7704904079437256,0.10047275573015213,0.11279381811618805,1.7143110036849976,0.005402169656008482,0.03968297690153122,0.1844942271709442,0.2717004120349884,0.6062315106391907,175.1985321044922,0.8234738111495972,0.9024407267570496,0.8852737545967102
08660A23.jpg,Oblong,1,low,1.1895850896835327,0.7975277900695801,0.5200720429420471,0.2929610013961792,0.2920965850353241,0.4153018295764923,136.18605041503906,0.2870039641857147,0.17722955346107483,2.1736841201782227,0.03471643477678299,0.14243477582931519,0.8706251978874207,0.2610710561275482,0.3826186954975128,0.9681406021118164,0.08957557380199432,0.11239439994096756,1.7025089263916016,-0.00788881629705429,0.0362435057759285,0.19201533496379852,0.17336203157901764,0.6418363451957703,173.2543182373047,0.8902141451835632,0.9105117917060852,0.8937833309173584
10760A37.jpg,Oblong,1,low,1.2186729907989502,0.8061186075210571,0.5154500603675842,0.2980034053325653,0.2961701452732086,0.4058603048324585,137.295166015625,0.2528039515018463,0.18027137219905853,4.4433417320251465,0.03267105668783188,0.14104092121124268,0.9609605073928833,0.2632576823234558,0.3961030840873718,7.433647155761719,0.11041055619716644,0.108547143638134,1.6205285787582397,-0.014057843945920467,0.03889384865760803,0.18556635081768036,0.2796335518360138,0.6074970364570618,172.85665893554688,0.8398888111114502,0.9057742357254028,0.8888731002807617
03596A31.jpg,Oval,2,high,1.3713982105255127,0.7581612467765808,0.47110289335250854,0.32186657190322876,0.31948792934417725,0.36782997846603394,148.55519104003906,0.24722523987293243,0.20161157846450806,8.864916801452637,0.03358012065291405,0.14923839271068573,1.0254989862442017,0.2960277497768402,0.4395850896835327,21.013187408447266,0.14080742001533508,0.0662379115819931,1.4384700059890747,0.0029659727588295937,0.04653933644294739,0.18936169147491455,0.33969178795814514,0.5762009620666504,165.6273193359375,0.8477476239204407,0.9404845237731934,0.9265694618225098
05027A39.jpg,Oval,2,low,1.2650279998779297,0.816527783870697,0.5168819427490234,0.3124309182167053,0.29955336451530457,0.3898753821849823,142.8616943359375,0.26599517464637756,0.20644035935401917,8.910921096801758,0.031676411628723145,0.13145942986011505,1.0464016199111938,0.2775162160396576,0.4623027443885803,13.963756561279297,0.15792852640151978,0.06640641391277313,1.383683681488037,0.017408885061740875,0.038512542843818665,0.191905215382576,0.3322926163673401,0.5378831624984741,168.5498046875,0.8103613257408142,0.9025838375091553,0.9264332056045532
08471A21.jpg,Square,4,low,1.2268083095550537,0.8419469594955444,0.5487430095672607,0.2957577407360077,0.28985270857810974,0.41450318694114685,137.5826416015625,0.26847365498542786,0.17964103817939758,3.4161930084228516,0.034670960158109665,0.1423419862985611,1.018636703491211,0.26442092657089233,0.3872039020061493,-1.4391264915466309,0.10527867823839188,0.08282681554555893,1.5960196256637573,0.008472048677504063,0.03764050081372261,0.18733173608779907,0.223957821726799,0.7835982441902161,171.8368377685547,0.8521731495857239,0.9146159887313843,0.9122596383094788
01456A21.jpg,Oval,2,low,1.2658147811889648,0.7672649025917053,0.48695456981658936,0.33710190653800964,0.3399769961833954,0.32337602972984314,145.11734008789062,0.28296181559562683,0.19852955639362335,8.384044647216797,0.03788097947835922,0.1431601196527481,0.853351891040802,0.32136842608451843,0.3318340480327606,9.036783218383789,0.08758879452943802,0.08993124216794968,1.4664429426193237,0.00825891550630331,0.04395328462123871,0.20702987909317017,0.3690101206302643,0.5513732433319092,168.50759887695312,0.894394040107727,0.9214789867401123,0.9452652335166931
08512A22.jpg,Oval,2,low,1.1967369318008423,0.7922285199165344,0.5163299441337585,0.2814497649669647,0.2985321283340454,0.4204822778701782,142.7765350341797,0.2518960237503052,0.18459650874137878,1.969264268875122,0.0341123566031456,0.15210145711898804,0.9716368913650513,0.2715180814266205,0.41610684990882874,7.252492904663086,0.14189337193965912,0.06804795563220978,1.5763845443725586,-0.0001686615141807124,0.035296402871608734,0.19117039442062378,0.14177843928337097,0.37669798731803894,168.9937286376953,0.8696020841598511,0.9077050089836121,0.9095104336738586
04458A35.jpg,Oval,2,low,1.217780590057373,0.8015512228012085,0.5090395212173462,0.3183996379375458,0.28532588481903076,0.3968157172203064,139.48519897460938,0.24960362911224365,0.1847669929265976,4.864449977874756,0.032232146710157394,0.14367516338825226,1.0829557180404663,0.2601025104522705,0.46723809838294983,9.095762252807617,0.15048694610595703,0.07801881432533264,1.595762848854065,0.0029925531707704067,0.037100523710250854,0.19068919122219086,0.21645216643810272,0.5634446144104004,171.26458740234375,0.8325358033180237,0.9051686525344849,0.9115980267524719
01894A24.jpg,Round,3,low,1.169799566268921,0.8119490146636963,0.5154634118080139,0.3042219877243042,0.30717045068740845,0.38876107335090637,133.55136108398438,0.2552347183227539,0.18408285081386566,5.782342433929443,0.03423696756362915,0.16961872577667236,0.9378600716590881,0.2725368142127991,0.4021543562412262,2.7741804122924805,0.08040016889572144,0.09982021152973175,1.5785168409347534,-0.012512174434959888,0.04462190344929695,0.186714768409729,0.2558109164237976,0.6644282341003418,174.4853057861328,0.8393955826759338,0.9181053638458252,0.8872494101524353
06784A60.jpg,Round,3,low,1.287122130393982,0.7902570962905884,0.499839186668396,0.2714371681213379,0.2843139171600342,0.4489799737930298,141.66683959960938,0.23351988196372986,0.16033661365509033,-0.23392486572265625,0.03143240883946419,0.15938067436218262,0.8128851652145386,0.24721607565879822,0.335112065076828,3.861854076385498,0.14654889702796936,0.1105901449918747,1.6930075883865356,-0.02189694344997406,0.0407889299094677,0.17030036449432373,0.22830665111541748,0.6185378432273865,167.55198669433594,0.8191624879837036,0.8912491798400879,0.8695181012153625
08847A25.jpg,Square,4,low,1.2749085426330566,0.7938722372055054,0.5087271332740784,0.31265828013420105,0.32199227809906006,0.36582615971565247,142.12771606445312,0.26411372423171997,0.19029539823532104,5.200270175933838,0.036665696650743484,0.17402085661888123,0.9819258451461792,0.2966932952404022,0.3643450438976288,3.0425925254821777,0.10093104839324951,0.09622180461883545,1.535239338874817,0.00332878646440804,0.04278507083654404,0.20820096135139465,0.275167316198349,0.6219702363014221,170.47006225585938,0.8805528879165649,0.9248815178871155,0.9214298129081726
03758A31.jpg,Oval,2,low,1.2948312759399414,0.7936354875564575,0.5110177993774414,0.33105629682540894,0.32666248083114624,0.3440437316894531,143.37350463867188,0.2977438271045685,0.20403020083904266,11.14273452758789,0.03513743728399277,0.1387844681739807,0.8806007504463196,0.30531054735183716,0.38169437646865845,10.494616508483887,0.09274065494537354,0.10595829039812088,1.510303020477295,0.021354563534259796,0.04182968661189079,0.22968071699142456,0.3741655647754669,0.532086193561554,167.3162384033203,0.913243293762207,0.9424553513526917,0.934636116027832
11768A46.jpg,Oblong,1,low,1.1782116889953613,0.8068036437034607,0.5151925683021545,0.2994548976421356,0.3012939691543579,0.3992517590522766,137.628662109375,0.25736215710639954,0.17518143355846405,4.212067604064941,0.03439939767122269,0.15073104202747345,0.9963150024414062,0.2718667685985565,0.39525672793388367,7.851787567138672,0.11168621480464935,0.09601800888776779,1.6277958154678345,-0.0096152788028121,0.03915129229426384,0.19653381407260895,0.252236545085907,0.6170825362205505,173.1570587158203,0.8544579744338989,0.9004824757575989,0.9023305177688599
03872A32.jpg,Square,4,low,1.159669280052185,0.7801823616027832,0.493257075548172,0.3157532215118408,0.29774969816207886,0.3865065574645996,137.58734130859375,0.2725833058357239,0.1906820684671402,5.692474842071533,0.03593594953417778,0.1609089970588684,0.8227528929710388,0.2617169916629791,0.353558212518692,-2.108977794647217,0.10700956732034683,0.09823213517665863,1.589298963546753,0.004379539750516415,0.04764622077345848,0.19931240379810333,0.31738030910491943,0.7758326530456543,173.65354919433594,0.8752982020378113,0.9227539896965027,0.878983199596405
06101A47.jpg,Round,3,low,1.1805787086486816,0.7983141541481018,0.5133322477340698,0.2965849041938782,0.2894344627857208,0.41482844948768616,135.32492065429688,0.26332712173461914,0.1776179075241089,3.3048183917999268,0.03140788525342941,0.1371285766363144,0.9158095717430115,0.2552298903465271,0.3737572729587555,2.6487228870391846,0.1049937978386879,0.09453634917736053,1.5979300737380981,-0.015170027501881123,0.03852390870451927,0.18335087597370148,0.2693061828613281,0.6595257520675659,173.26239013671875,0.8268072009086609,0.9007578492164612,0.8818227052688599
13071A71.jpg,Round,3,low,1.2970092296600342,0.8169388175010681,0.5268507599830627,0.29746705293655396,0.29747891426086426,0.40505942702293396,138.33489990234375,0.24616701900959015,0.1827836036682129,4.97110652923584,0.03628005087375641,0.16619230806827545,1.0100840330123901,0.26271378993988037,0.377482146024704,4.206579208374023,0.07571260631084442,0.13808436691761017,1.6187046766281128,-0.0018354428466409445,0.039943307638168335,0.20188581943511963,0.27088654041290283,0.6309399604797363,171.68014526367188,0.8840954303741455,0.9120857119560242,0.8831341862678528
03496A30.jpg,Oblong,1,low,1.2316561937332153,0.7861800193786621,0.5084657669067383,0.28754132986068726,0.27906519174575806,0.43365880846977234,140.08572387695312,0.23944202065467834,0.18920449912548065,4.779325008392334,0.0325542688369751,0.12576641142368317,0.953585684299469,0.24700187146663666,0.41405653953552246,4.676992893218994,0.1470181792974472,0.09011033177375793,1.5481501817703247,-0.003330031642690301,0.03650015592575073,0.1843332201242447,0.31988993287086487,0.5362381339073181,170.54595947265625,0.8538699746131897,0.8962897062301636,0.8851045370101929
09384A29.jpg,Square,4,low,1.2807486057281494,0.7816064357757568,0.5002027750015259,0.3184228837490082,0.30378055572509766,0.37783169746398926,146.4672393798828,0.296860009431839,0.19283246994018555,8.887443542480469,0.034776877611875534,0.13294406235218048,0.8864514827728271,0.27953794598579407,0.3836838901042938,4.536221981048584,0.10925635695457458,0.0999322161078453,1.5833280086517334,0.026596806943416595,0.04254556819796562,0.20902439951896667,0.3292561173439026,0.6143468022346497,167.58279418945312,0.8979167342185974,0.9386308193206787,0.9201968908309937
06241A50.jpg,Oval,2,low,1.285164475440979,0.828327476978302,0.5243219137191772,0.31353870034217834,0.3006966710090637,0.38591983914375305,137.19915771484375,0.26350608468055725,0.18359129130840302,5.705705642700195,0.03012443147599697,0.14663901925086975,1.0116947889328003,0.27535003423690796,0.41730090975761414,6.821132659912109,0.10043063014745712,0.0721549466252327,1.5618577003479004,-0.003552313894033432,0.040215302258729935,0.19581308960914612,0.26427987217903137,0.6755208969116211,171.00572204589844,0.7779841423034668,0.9066118597984314,0.915706992149353
13024A69.jpg,Oblong,1,high,1.3314088582992554,0.7708914875984192,0.4958604872226715,0.3127298057079315,0.3269568085670471,0.3603249192237854,144.2724151611328,0.2568204402923584,0.18606886267662048,2.814333200454712,0.03607751429080963,0.14062999188899994,0.9628465175628662,0.30198532342910767,0.34948742389678955,-0.3721916973590851,0.06599869579076767,0.10763559490442276,1.5984150171279907,-0.0018272610614076257,0.03568599000573158,0.19678829610347748,0.2921794652938843,0.5446255803108215,171.3630828857422,0.8857468962669373,0.9102538824081421,0.9236244559288025
08241A17.jpg,Round,3,low,1.2458915710449219,0.8106107711791992,0.5230908393859863,0.29986774921417236,0.317207396030426,0.3831609785556793,140.27407836914062,0.2600497901439667,0.19315005838871002,3.6799683570861816,0.03519211336970329,0.17766188085079193,0.9137129783630371,0.28777971863746643,0.3411079943180084,2.7319693565368652,0.08804827928543091,0.11144158244132996,1.5627518892288208,-0.015164646320044994,0.03873448818922043,0.20838458836078644,0.24268484115600586,0.6129508018493652,169.64942932128906,0.8628644943237305,0.9219159483909607,0.907228946685791
03922A32.jpg,Heart,0,low,1.186707615852356,0.7611371874809265,0.49425452947616577,0.308170884847641,0.31671926379203796,0.37533268332481384,143.87905883789062,0.26389968395233154,0.19417691230773926,8.565778732299805,0.03687634319067001,0.1406308114528656,0.8385128378868103,0.28949931263923645,0.3342601954936981,1.4891666173934937,0.1262282431125641,0.09323568642139435,1.527685284614563,0.011793937534093857,0.03974074497818947,0.2087627649307251,0.3604268729686737,0.5714952349662781,168.7388153076172,0.9031957387924194,0.9069626927375793,0.9140565991401672
13299A80.jpg,Round,3,low,1.2494217157363892,0.8138572573661804,0.5322800874710083,0.27448907494544983,0.283354789018631,0.4422706663608551,138.51199340820312,0.23323161900043488,0.1818530112504959,-0.6727311611175537,0.028664682060480118,0.13269571959972382,1.0566779375076294,0.2511771619319916,0.41102421283721924,5.433956146240234,0.14520740509033203,0.1033904030919075,1.5487220287322998,-0.022494839504361153,0.034371767193078995,0.1754521280527115,0.14951583743095398,0.41350626945495605,171.42144775390625,0.7946668267250061,0.8867918252944946,0.8864405751228333
10379A35.jpg,Square,4,low,1.2347885370254517,0.8286070227622986,0.5344323515892029,0.28304505348205566,0.27307766675949097,0.4453303813934326,132.38856506347656,0.2708447575569153,0.1752471774816513,1.3198819160461426,0.030624112114310265,0.13477306067943573,0.9311346411705017,0.23297983407974243,0.3682534396648407,-4.70309591293335,0.10081598162651062,0.10625254362821579,1.6646230220794678,-0.02692491002380848,0.038373447954654694,0.18118742108345032,0.28839245438575745,0.8247556686401367,175.04566955566406,0.8455799221992493,0.9147897362709045,0.8531632423400879
03984A32.jpg,Oval,2,low,1.2490154504776,0.7636277079582214,0.4806865453720093,0.32070478796958923,0.3127141296863556,0.3678071200847626,149.8221893310547,0.2439580112695694,0.18797312676906586,7.902112007141113,0.035395290702581406,0.13585607707500458,1.0907082557678223,0.2934986650943756,0.45215144753456116,19.12281036376953,0.143802672624588,0.061932727694511414,1.527800440788269,0.011820732615888119,0.039709582924842834,0.1851428598165512,0.32024312019348145,0.44486942887306213,166.6243438720703,0.8696920871734619,0.9195908308029175,0.9385525584220886
03322A29.jpg,Oval,2,low,1.20440673828125,0.7943003177642822,0.4963771402835846,0.3231506049633026,0.3063189685344696,0.37277716398239136,143.33413696289062,0.2588299512863159,0.19422274827957153,7.956120014190674,0.035646721720695496,0.1506766825914383,0.8242838978767395,0.2801077961921692,0.33399277925491333,1.6918110847473145,0.12472794204950333,0.09492728859186172,1.4620720148086548,0.011913057416677475,0.04325682669878006,0.20927900075912476,0.403237521648407,0.6062589883804321,166.87937927246094,0.843887448310852,0.911808431148529,0.9144316911697388
11085A40.jpg,Square,4,low,1.1295702457427979,0.8231361508369446,0.5206710696220398,0.2789396345615387,0.29081740975379944,0.43195033073425293,136.05142211914062,0.222640722990036,0.16494199633598328,2.5471744537353516,0.03402991220355034,0.13639670610427856,1.0480457544326782,0.2547092139720917,0.39851656556129456,-1.9971189498901367,0.08580509573221207,0.09326875954866409,1.6468055248260498,-0.019282221794128418,0.03833623230457306,0.15467888116836548,0.21371114253997803,0.8160179853439331,173.34999084472656,0.8107003569602966,0.8942161798477173,0.8758389949798584
02035A25.jpg,Heart,0,low,1.2642419338226318,0.7275733351707458,0.4612217843532562,0.3207170069217682,0.31649670004844666,0.3629313111305237,147.45814514160156,0.25341230630874634,0.1810939610004425,8.199082374572754,0.03583811596035957,0.14979012310504913,0.8892115950584412,0.29296451807022095,0.3897086977958679,14.094268798828125,0.1328893005847931,0.07049979269504547,1.6225388050079346,0.010421453043818474,0.04326141998171806,0.190131276845932,0.2808096706867218,0.4852215349674225,168.23768615722656,0.8954418897628784,0.9123426079750061,0.9256479144096375
11996A49.jpg,Oblong,1,low,1.2515203952789307,0.8308740258216858,0.5453691482543945,0.2843345105648041,0.27998337149620056,0.4356905221939087,137.34524536132812,0.2579646408557892,0.17819467186927795,3.6304848194122314,0.03175022453069687,0.13415072858333588,0.9803446531295776,0.24799485504627228,0.3867248296737671,-0.46684926748275757,0.14149515330791473,0.11267688125371933,1.5921270847320557,-0.014654679223895073,0.03182119131088257,0.19182108342647552,0.2038857638835907,0.6274169683456421,172.1696319580078,0.8318889141082764,0.8927463889122009,0.8857485055923462
09272A29.jpg,Round,3,low,1.176953673362732,0.7815873026847839,0.5069459676742554,0.2950148582458496,0.2789728045463562,0.4260284900665283,138.93365478515625,0.25668054819107056,0.19001837074756622,5.086352825164795,0.03466488793492317,0.15726353228092194,0.9376198053359985,0.24263297021389008,0.37427008152008057,-0.12256431579589844,0.09995340555906296,0.11254338175058365,1.5735129117965698,0.0026627499610185623,0.04203144088387489,0.1944359391927719,0.25756868720054626,0.7060076594352722,173.91209411621094,0.8571368455886841,0.9150116443634033,0.8697369694709778
12537A57.jpg,Square,4,low,1.1646696329116821,0.812965989112854,0.5102407932281494,0.2926906645298004,0.30341607332229614,0.4039557874202728,137.42776489257812,0.23712235689163208,0.16167236864566803,3.4560563564300537,0.03560921177268028,0.126736119389534,0.9365936517715454,0.2703374922275543,0.3356955945491791,1.0563055276870728,0.10271353274583817,0.10423466563224792,1.6777888536453247,-0.02734433487057686,0.03643285483121872,0.15903978049755096,0.28706735372543335,0.6458485722541809,173.11651611328125,0.8163329362869263,0.8822907209396362,0.8909794688224792
00891A15.jpg,Oval,2,low,1.3283512592315674,0.7780223488807678,0.49994853138923645,0.3028525710105896,0.2886524796485901,0.4084964096546173,144.04348754882812,0.2490541636943817,0.20348073542118073,4.63551139831543,0.030192531645298004,0.11741916090250015,1.0641672611236572,0.2635559141635895,0.4714062511920929,12.152392387390137,0.1627654880285263,0.06593253463506699,1.506428599357605,-0.008387172594666481,0.03491584584116936,0.1901308000087738,0.3401072323322296,0.5527958869934082,167.462646484375,0.8665058612823486,0.9156083464622498,0.9130561947822571
10253A34.jpg,Square,4,low,1.19102942943573,0.8073119521141052,0.5173318386077881,0.28787633776664734,0.2913726568222046,0.42407122254371643,137.52235412597656,0.2660686671733856,0.18225911259651184,4.870170593261719,0.032361071556806564,0.14148090779781342,0.8620468974113464,0.2549647092819214,0.3431819677352905,-4.0219950675964355,0.08537377417087555,0.12338472902774811,1.5657724142074585,-0.001025959849357605,0.04315238818526268,0.1835584193468094,0.3363812267780304,0.7220190167427063,174.2742919921875,0.835519015789032,0.9038274884223938,0.8750467896461487
04737A36.jpg,Oval,2,high,1.2043317556381226,0.8270124793052673,0.5283293128013611,0.29553085565567017,0.26884162425994873,0.43562841415405273,136.6384735107422,0.24490436911582947,0.182390958070755,5.02815055847168,0.029648607596755028,0.1290079802274704,1.0088433027267456,0.23881153762340546,0.45911693572998047,8.236655235290527,0.1567120999097824,0.08057154715061188,1.5613837242126465,-0.00431085005402565,0.036397796124219894,0.18677276372909546,0.26551857590675354,0.5922815799713135,171.2545166015625,0.7842759490013123,0.8961924910545349,0.8882982134819031
00880A15.jpg,Oblong,1,low,1.2235982418060303,0.8017550110816956,0.5305302143096924,0.279773473739624,0.2710227966308594,0.45097532868385315,140.3992919921875,0.2655828297138214,0.19475197792053223,3.367926597595215,0.02965634874999523,0.1367921233177185,0.9028512239456177,0.23063860833644867,0.3440243899822235,-7.484889507293701,0.13182027637958527,0.11668115854263306,1.5119426250457764,-0.012181004509329796,0.03695658594369888,0.19410474598407745,0.22063492238521576,0.7782840728759766,171.76475524902344,0.83584064245224,0.9175817370414734,0.8509934544563293
00472A09.jpg,Round,3,low,1.1830326318740845,0.7608330845832825,0.47683072090148926,0.3355797827243805,0.32898470759391785,0.33730626106262207,144.69012451171875,0.2668609917163849,0.18671688437461853,10.48284912109375,0.03714185580611229,0.150534987449646,0.8300586938858032,0.303801566362381,0.3091297149658203,5.3801374435424805,0.09841253608465195,0.10811762511730194,1.575631856918335,0.01475796103477478,0.04061732813715935,0.19044692814350128,0.31009361147880554,0.615570604801178,168.31143188476562,0.8760095238685608,0.9219078421592712,0.9234520196914673
05725A44.jpg,Heart,0,low,1.2612429857254028,0.7917176485061646,0.5015897154808044,0.3169616758823395,0.28783947229385376,0.3955664336681366,140.19900512695312,0.24777445197105408,0.18738220632076263,6.899961471557617,0.03214450553059578,0.12400366365909576,0.8748274445533752,0.26165369153022766,0.37214165925979614,9.586603164672852,0.15136979520320892,0.08450770378112793,1.5642715692520142,0.012623852118849754,0.04074721410870552,0.1882099211215973,0.36202093958854675,0.443726509809494,169.00865173339844,0.8425670862197876,0.901486337184906,0.9090265035629272
11757A46.jpg,Round,3,low,1.1505719423294067,0.8038320541381836,0.5128322839736938,0.29039430618286133,0.28676092624664307,0.4323839545249939,140.29208374023438,0.23827998340129852,0.18003924190998077,4.029209136962891,0.033678699284791946,0.13297177851200104,1.0639833211898804,0.25674131512641907,0.3801904618740082,-0.01466226577758789,0.09491077810525894,0.1228543147444725,1.5450419187545776,0.0057997312396764755,0.03778740018606186,0.1659032553434372,0.24728527665138245,0.8096197843551636,172.47093200683594,0.8252292275428772,0.9004344940185547,0.8953148126602173
02383A26.jpg,Round,3,low,1.1588114500045776,0.8153790831565857,0.5177138447761536,0.29780468344688416,0.2921871542930603,0.4106522500514984,135.60687255859375,0.2587639093399048,0.17016349732875824,3.208256959915161,0.03484031558036804,0.14943182468414307,0.8344416618347168,0.258863240480423,0.34991440176963806,-4.754309177398682,0.0913485437631607,0.09887604415416718,1.6325621604919434,-0.004728872794657946,0.03457440063357353,0.18652427196502686,0.1426391303539276,0.7424773573875427,173.12918090820312,0.8271802067756653,0.8957778215408325,0.8859501481056213
10881A38.jpg,Oval,2,low,1.2305846214294434,0.7908710837364197,0.5131593942642212,0.29052263498306274,0.257567822933197,0.4524795413017273,138.00262451171875,0.24614784121513367,0.1898736208677292,1.5963841676712036,0.031190862879157066,0.12911833822727203,0.8844091892242432,0.22144544124603271,0.29657304286956787,-6.40349817276001,0.11860854923725128,0.109722800552845,1.5476646423339844,-0.01146636251360178,0.03671412914991379,0.18543779850006104,0.30536675453186035,0.7115784883499146,173.40806579589844,0.8267660737037659,0.8895238041877747,0.8597558736801147
11395A43.jpg,Square,4,low,1.1712852716445923,0.8252966403961182,0.535859227180481,0.2795547544956207,0.2745123505592346,0.44600582122802734,137.4381866455078,0.22980768978595734,0.16787685453891754,1.172625184059143,0.03181779012084007,0.12135747820138931,1.075932502746582,0.243898406624794,0.3906949758529663,2.0382068157196045,0.1541062295436859,0.08514037728309631,1.634509801864624,-0.0106941107660532,0.029580188915133476,0.15457548201084137,0.10764560848474503,0.5621911883354187,171.55226135253906,0.775816023349762,0.8720278143882751,0.8884787559509277
04079A33.jpg,Oblong,1,low,1.2406978607177734,0.8010776042938232,0.5010095834732056,0.31838110089302063,0.3349562883377075,0.34672343730926514,142.54869079589844,0.2528104782104492,0.18547575175762177,9.324685096740723,0.033302586525678635,0.1261007934808731,0.9327555894851685,0.3154830038547516,0.34219640493392944,13.617340087890625,0.1183006763458252,0.08988568931818008,1.4972190856933594,0.006058774888515472,0.041472695767879486,0.17921660840511322,0.4026201665401459,0.5007345080375671,166.8823699951172,0.8283461332321167,0.9052669405937195,0.9418632388114929
10640A36.jpg,Oblong,1,low,1.2356209754943848,0.7827818989753723,0.4954102039337158,0.30856168270111084,0.3128846287727356,0.37887609004974365,141.46104431152344,0.22277390956878662,0.19366909563541412,4.440336227416992,0.03352617472410202,0.125254288315773,1.081505537033081,0.28691723942756653,0.34564831852912903,4.240899085998535,0.09158894419670105,0.09756486117839813,1.4954142570495605,-0.0065890164114534855,0.036642808467149734,0.17120078206062317,0.2861659526824951,0.6128664016723633,172.9859619140625,0.855991542339325,0.8993304371833801,0.9170065522193909
10898A38.jpg,Round,3,low,1.2276757955551147,0.7753900289535522,0.49978044629096985,0.29930806159973145,0.30050158500671387,0.40084561705589294,141.66781616210938,0.26602721214294434,0.18157373368740082,4.396317958831787,0.033047039061784744,0.13131655752658844,1.0115211009979248,0.27218741178512573,0.3752608597278595,2.38533353805542,0.15152689814567566,0.05770782753825188,1.6238291263580322,-0.007604643236845732,0.037458401173353195,0.1814941167831421,0.21041646599769592,0.5088403820991516,170.95639038085938,0.8627358078956604,0.9120647311210632,0.9057769775390625
10603A36.jpg,Round,3,low,1.1996055841445923,0.8183225393295288,0.5201002359390259,0.28949880599975586,0.2735939025878906,0.4372051954269409,138.786865234375,0.23436082899570465,0.1651894599199295,1.5728256702423096,0.03234856575727463,0.15704700350761414,1.028184175491333,0.23949377238750458,0.357805460691452,3.641299247741699,0.09791220724582672,0.11371812224388123,1.7029236555099487,-0.01859670877456665,0.03878835588693619,0.1817925125360489,0.18950393795967102,0.6004168391227722,171.08114624023438,0.810349702835083,0.89906907081604,0.8753622770309448
00900A15.jpg,Oval,2,low,1.1809067726135254,0.778421938419342,0.494591623544693,0.31374964118003845,0.32008764147758484,0.3662092983722687,142.9729766845703,0.2686219811439514,0.1865515559911728,8.655588150024414,0.03711088374257088,0.14787401258945465,0.9045289754867554,0.2957356572151184,0.3454279899597168,2.6299803256988525,0.12669497728347778,0.08046463131904602,1.5547698736190796,0.0044601112604141235,0.04006294533610344,0.2026362419128418,0.3076649010181427,0.4363256096839905,170.10813903808594,0.8721140623092651,0.9128694534301758,0.9239208698272705
06555A55.jpg,Round,3,low,1.2653616666793823,0.7614787817001343,0.4829789698123932,0.32508063316345215,0.3301989436149597,0.3471303880214691,151.9258575439453,0.24778643250465393,0.19516655802726746,8.831576347351074,0.03725491464138031,0.12489456683397293,1.1291437149047852,0.3126344084739685,0.4155855178833008,20.44120216369629,0.15748628973960876,0.05432797595858574,1.4944566488265991,0.01878325268626213,0.03666055575013161,0.18813449144363403,0.30545473098754883,0.4488348960876465,165.0996551513672,0.8801197409629822,0.920423686504364,0.9468061923980713
07832A09.jpg,Round,3,high,1.1558946371078491,0.7623908519744873,0.4876890778541565,0.3028561472892761,0.2943396270275116,0.4029305577278137,143.07852172851562,0.23213402926921844,0.17139504849910736,5.309239387512207,0.038323912769556046,0.1342781037092209,0.9645326137542725,0.2671560049057007,0.3556998670101166,8.617817878723145,0.12987571954727173,0.07878313213586807,1.6635013818740845,-0.00441765645518899,0.03565448895096779,0.1804523766040802,0.3036527633666992,0.532565712928772,169.18295288085938,0.8723941445350647,0.8932281136512756,0.9076454043388367
11467A43.jpg,Round,3,low,1.1543782949447632,0.8269132375717163,0.5255147218704224,0.2968613803386688,0.2927993834018707,0.41149401664733887,133.95742797851562,0.2379695028066635,0.17469114065170288,-0.40222954750061035,0.03390705585479736,0.16108009219169617,1.0326261520385742,0.2623851001262665,0.4099845290184021,1.233149528503418,0.09785084426403046,0.08266967535018921,1.585499882698059,-0.019245773553848267,0.03362402692437172,0.17254003882408142,0.09697642922401428,0.690241813659668,173.99317932128906,0.8264966607093811,0.8927018642425537,0.896125853061676
10293A34.jpg,Oval,2,high,1.252794861793518,0.7964050769805908,0.49613967537879944,0.32830896973609924,0.3027503788471222,0.37189093232154846,143.8683319091797,0.2296638786792755,0.2009226232767105,7.965175628662109,0.03451382368803024,0.1372648924589157,1.0485553741455078,0.2786618173122406,0.3641708195209503,6.50448751449585,0.10402033478021622,0.08639271557331085,1.4567049741744995,0.012496467679738998,0.04115040972828865,0.18804895877838135,0.34449344873428345,0.5533625483512878,169.14610290527344,0.8355084657669067,0.9099698662757874,0.9204341769218445
10842A38.jpg,Oblong,1,low,1.2483265399932861,0.7922260165214539,0.5101105570793152,0.30506840348243713,0.2914816439151764,0.4035150110721588,139.90821838378906,0.26530078053474426,0.18664301931858063,5.852712154388428,0.0329388864338398,0.10797808319330215,0.9062219858169556,0.26469820737838745,0.3660528361797333,2.7214159965515137,0.11577623337507248,0.08698989450931549,1.5810911655426025,0.001219288562424481,0.03525551036000252,0.17714239656925201,0.290921151638031,0.592883825302124,171.6246795654297,0.8579936027526855,0.9043787121772766,0.9081128239631653
08179A15.jpg,Oval,2,low,1.488555908203125,0.8384478092193604,0.5508854389190674,0.27117836475372314,0.2912634015083313,0.44518256187438965,139.63961791992188,0.28061747550964355,0.19931644201278687,0.048311710357666016,0.028152866289019585,0.15463422238826752,0.9579957723617554,0.2570628225803375,0.3623141050338745,-4.630984306335449,0.11448897421360016,0.10655863583087921,1.5193092823028564,-0.006986378226429224,0.03969534859061241,0.21867205202579498,0.2893708050251007,0.9267202615737915,169.43408203125,0.8874813914299011,0.9454116225242615,0.882578432559967
03492A30.jpg,Round,3,low,1.2358078956604004,0.7964189052581787,0.4983558654785156,0.325560599565506,0.2914072275161743,0.3837738335132599,143.75433349609375,0.24559928476810455,0.1834394335746765,7.124943733215332,0.03318535536527634,0.14002187550067902,0.968067467212677,0.2689972519874573,0.4170071482658386,11.860040664672852,0.09232447296380997,0.08261090517044067,1.5946608781814575,0.0075695267878472805,0.03745948150753975,0.1942027509212494,0.2911222577095032,0.5229521989822388,168.6854248046875,0.8220903277397156,0.8997213244438171,0.9230974316596985
11050A40.jpg,Oblong,1,low,1.2081682682037354,0.8159288763999939,0.5200402736663818,0.2905091345310211,0.28872814774513245,0.42078328132629395,133.942626953125,0.23837797343730927,0.17552489042282104,3.608214855194092,0.03625059500336647,0.1446658819913864,0.9035521745681763,0.2532200813293457,0.3250064253807068,-4.103600978851318,0.12473084032535553,0.10913494974374771,1.6353503465652466,-0.022036956623196602,0.038799237459897995,0.17781497538089752,0.29500240087509155,0.6265334486961365,174.64486694335938,0.8507022857666016,0.8922631144523621,0.8770191073417664
07761A08.jpg,Oval,2,low,1.183764100074768,0.8008179068565369,0.5158075094223022,0.29557937383651733,0.289469450712204,0.4150029122829437,138.05029296875,0.27337539196014404,0.18698370456695557,3.506866931915283,0.03388507291674614,0.15562088787555695,0.9058027267456055,0.2552863657474518,0.3381464183330536,-3.80275559425354,0.11716053634881973,0.11654505878686905,1.6068259477615356,-0.019924499094486237,0.04162304475903511,0.19984576106071472,0.2781848907470703,0.753074586391449,172.37857055664062,0.8876765966415405,0.9276419878005981,0.8819112777709961
06821A60.jpg,Round,3,low,1.1020079851150513,0.793537974357605,0.5089343190193176,0.30827999114990234,0.3250168263912201,0.366886168718338,141.94845581054688,0.24887551367282867,0.17437998950481415,5.942806720733643,0.036426715552806854,0.13729040324687958,1.0010695457458496,0.3030373752117157,0.34247636795043945,8.275787353515625,0.10154475271701813,0.10006191581487656,1.575080156326294,0.004756264854222536,0.03731685131788254,0.1878814697265625,0.2613193094730377,0.6191769242286682,170.75779724121094,0.8354347348213196,0.8976221680641174,0.9323744177818298
12098A51.jpg,Square,4,low,1.2331011295318604,0.8163625597953796,0.5290716886520386,0.27260786294937134,0.30297496914863586,0.4245678186416626,138.47068786621094,0.2526995837688446,0.1772512048482895,2.484482765197754,0.034967996180057526,0.15495102107524872,0.9559460878372192,0.27000659704208374,0.36562106013298035,0.7866984605789185,0.1223629042506218,0.09720855951309204,1.6176462173461914,-0.029156778007745743,0.03723429515957832,0.19138675928115845,0.24308854341506958,0.5218085050582886,171.99696350097656,0.843637228012085,0.8982765674591064,0.8911845088005066
00599A10.jpg,Round,3,low,1.1671301126480103,0.8236280083656311,0.520186722278595,0.3157103359699249,0.27564942836761475,0.40865880250930786,138.22711181640625,0.2706437408924103,0.2044661045074463,7.072481632232666,0.032461199909448624,0.13123540580272675,0.9786649346351624,0.24682849645614624,0.41664135456085205,0.522060751914978,0.13029737770557404,0.08300608396530151,1.4609233140945435,0.015761680901050568,0.04443593695759773,0.21503105759620667,0.41257721185684204,0.7155793309211731,170.65806579589844,0.839705228805542,0.9233545064926147,0.8954434990882874
04562A35.jpg,Oval,2,low,1.1902828216552734,0.7420780658721924,0.4739341735839844,0.3291528820991516,0.31213659048080444,0.35877951979637146,147.96102905273438,0.2825944423675537,0.1998935043811798,6.436039924621582,0.03433142229914665,0.13528892397880554,0.8385904431343079,0.28851231932640076,0.31757718324661255,3.124799966812134,0.12669941782951355,0.09786438196897507,1.4637290239334106,0.005745416507124901,0.0404592789709568,0.2107025682926178,0.3738209009170532,0.5764309167861938,168.31674194335938,0.8589762449264526,0.9017877578735352,0.9243143200874329
10947A38.jpg,Oblong,1,low,1.180328369140625,0.7994410991668701,0.5111089944839478,0.29821154475212097,0.3061818480491638,0.39654913544654846,138.46949768066406,0.2467588633298874,0.18653760850429535,2.7169065475463867,0.03608763962984085,0.16359072923660278,0.9458562135696411,0.2758287191390991,0.31979846954345703,3.493055820465088,0.11104682087898254,0.09847620129585266,1.5419228076934814,-0.01739455573260784,0.04123754799365997,0.19761377573013306,0.3157752454280853,0.5850899815559387,171.5017852783203,0.8567215204238892,0.9018488526344299,0.9008656740188599
10864A38.jpg,Oblong,1,low,1.3135604858398438,0.8172603845596313,0.5299370288848877,0.3038201332092285,0.2946852147579193,0.401652067899704,138.07545471191406,0.2565101385116577,0.19469965994358063,5.783564567565918,0.031451135873794556,0.0969112440943718,0.9666403532028198,0.26660189032554626,0.3778149485588074,1.8920284509658813,0.115470290184021,0.09826160967350006,1.5128692388534546,0.0002705625374801457,0.030858898535370827,0.18317238986492157,0.39634549617767334,0.592771589756012,172.30125427246094,0.8417537808418274,0.9014161229133606,0.9047006368637085
01180A19.jpg,Oval,2,low,1.190874457359314,0.7767454385757446,0.49843141436576843,0.3419077694416046,0.3682893216609955,0.29110145568847656,147.1580810546875,0.2776041030883789,0.20539341866970062,9.718929290771484,0.04054052010178566,0.16451586782932281,0.9208974838256836,0.3561529815196991,0.34079501032829285,13.43100643157959,0.07720208168029785,0.0739535540342331,1.4508365392684937,0.020755624398589134,0.04849755018949509,0.2265162616968155,0.4012432396411896,0.5096414089202881,166.41055297851562,0.9124642014503479,0.9333938956260681,0.9670467972755432
11838A47.jpg,Round,3,low,1.1571295261383057,0.7994892001152039,0.5020391345024109,0.29289478063583374,0.3052296042442322,0.40199097990989685,136.61129760742188,0.23233163356781006,0.16352398693561554,3.1472015380859375,0.03403402492403984,0.14923691749572754,0.9040348529815674,0.26836755871772766,0.33368366956710815,0.8466588258743286,0.08513923734426498,0.11653643101453781,1.6594278812408447,-0.022900033742189407,0.04256194829940796,0.16777215898036957,0.2686586380004883,0.7076020836830139,174.22232055664062,0.8101168870925903,0.8845619559288025,0.8792317509651184
11985A49.jpg,Oblong,1,low,1.2360984086990356,0.8189424872398376,0.519547700881958,0.29775384068489075,0.3061352074146271,0.39615827798843384,136.56680297851562,0.23807664215564728,0.17426271736621857,0.6305252313613892,0.03562335669994354,0.13283312320709229,0.9759644865989685,0.27730926871299744,0.34421342611312866,2.1833953857421875,0.09117750823497772,0.1026701107621193,1.6043851375579834,-0.020112399011850357,0.03360814228653908,0.17598937451839447,0.23763366043567657,0.582827091217041,173.4326934814453,0.8356009125709534,0.8895435929298401,0.9058391451835632
05419A41.jpg,Oval,2,low,1.2828537225723267,0.803295373916626,0.5127878189086914,0.301013320684433,0.29456186294555664,0.4053884446620941,138.27520751953125,0.2695077359676361,0.2004854828119278,3.2480998039245605,0.031466417014598846,0.14773719012737274,0.9731091856956482,0.26360562443733215,0.4220534563064575,4.809844493865967,0.14963267743587494,0.075321264564991,1.460204839706421,-0.0014347070828080177,0.037753038108348846,0.18973565101623535,0.23515047132968903,0.660241425037384,172.5077362060547,0.8202403783798218,0.9182363748550415,0.894907534122467
07178A71.jpg,Round,3,low,1.2277954816818237,0.8128193616867065,0.5194476842880249,0.2787213623523712,0.2849566340446472,0.4374212324619293,132.05892944335938,0.24790595471858978,0.1679205596446991,-0.17839360237121582,0.031010732054710388,0.1732250154018402,0.9251053333282471,0.2361067533493042,0.39143940806388855,-6.232007026672363,0.07981566339731216,0.12516681849956512,1.6469823122024536,-0.038453273475170135,0.04459940269589424,0.17484788596630096,0.17118637263774872,0.9831671118736267,176.93927001953125,0.8194472789764404,0.8936991095542908,0.8285708427429199
01524A21.jpg,Round,3,low,1.1749022006988525,0.778986394405365,0.5084686875343323,0.2934303879737854,0.290307879447937,0.416278213262558,145.48806762695312,0.25549933314323425,0.17276334762573242,5.251923561096191,0.03571069985628128,0.13101397454738617,0.8574360609054565,0.2678334712982178,0.3936186730861664,10.290240287780762,0.17437061667442322,0.07778947800397873,1.645531415939331,0.009235164150595665,0.03223825991153717,0.1903330534696579,0.20540264248847961,0.35444462299346924,166.31129455566406,0.8645541667938232,0.8945430517196655,0.9225842356681824
13248A78.jpg,Round,3,low,1.2594969272613525,0.8211982250213623,0.5291484594345093,0.29063302278518677,0.29762959480285645,0.4178113043308258,138.46287536621094,0.24053330719470978,0.18148784339427948,0.9887921214103699,0.037238650023937225,0.17279300093650818,1.1017870903015137,0.27200931310653687,0.4320819675922394,7.186879634857178,0.15869702398777008,0.08104917407035828,1.5253374576568604,-0.0013661948032677174,0.036852795630693436,0.1722496598958969,0.16326355934143066,0.5359455943107605,168.9634552001953,0.8671439290046692,0.9082332849502563,0.9139189124107361
03759A31.jpg,Oval,2,low,1.3141530752182007,0.7962680459022522,0.5088074207305908,0.31087347865104675,0.2995970845222473,0.39556974172592163,147.45350646972656,0.2422306388616562,0.1937565952539444,8.125083923339844,0.03462519869208336,0.12797234952449799,0.9952462911605835,0.27806079387664795,0.402339369058609,9.692611694335938,0.165116548538208,0.06712467223405838,1.4941816329956055,0.03025168739259243,0.034476883709430695,0.18756495416164398,0.36264026165008545,0.5222600698471069,165.1339569091797,0.856274425983429,0.9201085567474365,0.9281158447265625
09495A30.jpg,Oval,2,low,1.1847792863845825,0.7966380715370178,0.5090770721435547,0.295894980430603,0.28147393465042114,0.4226420223712921,135.4625244140625,0.26128053665161133,0.17847676575183868,4.1277594566345215,0.0325365774333477,0.13352350890636444,0.8656049370765686,0.2423275113105774,0.40317922830581665,-4.301967144012451,0.08641830086708069,0.1022244468331337,1.6474531888961792,-0.017757302150130272,0.038807887583971024,0.17983916401863098,0.2901090979576111,0.7778240442276001,175.17578125,0.8375296592712402,0.9009885191917419,0.8609234690666199
11180A41.jpg,Round,3,low,1.3516476154327393,0.8367987871170044,0.5253245234489441,0.2969036400318146,0.29921016097068787,0.4093983769416809,141.66192626953125,0.23483386635780334,0.18452520668506622,4.218031883239746,0.03419387713074684,0.14630953967571259,1.0082852840423584,0.2711831033229828,0.3147984445095062,-1.6532623767852783,0.09767723828554153,0.1116492822766304,1.5425227880477905,-0.0070655131712555885,0.033873360604047775,0.1899721324443817,0.31994014978408813,0.5650959610939026,169.1199493408203,0.8779903650283813,0.9094381928443909,0.906329870223999
09817A32.jpg,Oval,2,low,1.3078933954238892,0.7928568720817566,0.5059845447540283,0.3025926649570465,0.28344425559043884,0.41647112369537354,142.38406372070312,0.24794110655784607,0.1925465166568756,5.141708850860596,0.034252747893333435,0.12723089754581451,1.0088993310928345,0.25555717945098877,0.35505959391593933,4.047056674957275,0.1310686469078064,0.0851789191365242,1.55378258228302,0.003787960857152939,0.0346454419195652,0.1833360195159912,0.26063284277915955,0.5403774380683899,170.2569580078125,0.8637576699256897,0.9078661799430847,0.9016135334968567
11573A44.jpg,Square,4,low,1.2077826261520386,0.799788773059845,0.5133455395698547,0.304434597492218,0.29679152369499207,0.4000547528266907,140.5335693359375,0.24714051187038422,0.18970291316509247,4.465093612670898,0.03644387796521187,0.15534551441669464,0.9516213536262512,0.2701742947101593,0.3379896283149719,6.427119731903076,0.14383931457996368,0.09798845648765564,1.5445785522460938,0.00648246705532074,0.03712926805019379,0.19248072803020477,0.24098308384418488,0.45993369817733765,170.7390594482422,0.870631217956543,0.9063935279846191,0.9103167653083801
06025A47.jpg,Round,3,low,1.1363483667373657,0.817516565322876,0.5294606685638428,0.27523669600486755,0.27495449781417847,0.44981521368026733,134.35475158691406,0.26527139544487,0.1816183626651764,2.881596565246582,0.03116239793598652,0.13952966034412384,0.8664774298667908,0.23406367003917694,0.32779571413993835,-4.184234142303467,0.10661866515874863,0.11549516022205353,1.6215910911560059,-0.010989160276949406,0.0411873422563076,0.1811569780111313,0.1867932826280594,0.7652046084403992,173.43402099609375,0.8239591121673584,0.9144658446311951,0.851281464099884
06256A50.jpg,Oblong,1,low,1.446916937828064,0.7885998487472534,0.5077143311500549,0.30321767926216125,0.3189670443534851,0.3828279376029968,150.741455078125,0.2519434690475464,0.2020440399646759,11.309453964233398,0.03328385576605797,0.1632823646068573,0.8101999163627625,0.2911647856235504,0.3237379491329193,5.680649757385254,0.13689011335372925,0.10314175486564636,1.471916675567627,0.012580471113324165,0.046836625784635544,0.20271165668964386,0.5272341370582581,0.5226989388465881,159.70281982421875,0.9178781509399414,0.9284619688987732,0.9128366112709045
03427A30.jpg,Oval,2,low,1.183228611946106,0.823210597038269,0.5256628394126892,0.30224117636680603,0.29478883743286133,0.4031353294849396,134.8922882080078,0.25961312651634216,0.1886747181415558,6.084906578063965,0.03523994982242584,0.14263735711574554,0.8490209579467773,0.26130619645118713,0.35465797781944275,-0.8936026692390442,0.09218944609165192,0.0986684262752533,1.539759874343872,-0.008418860845267773,0.03733896091580391,0.19329018890857697,0.34543919563293457,0.8448485136032104,172.19723510742188,0.8555857539176941,0.9035106301307678,0.8864182233810425
11492A44.jpg,Square,4,low,1.1207679510116577,0.7950535416603088,0.5089609622955322,0.2785779535770416,0.2798619866371155,0.4416210651397705,138.4272003173828,0.2429228276014328,0.17007873952388763,2.2152440547943115,0.032757196575403214,0.1486796736717224,0.9078422784805298,0.23789392411708832,0.3273051381111145,-3.001236915588379,0.11966800689697266,0.11802088469266891,1.614574670791626,-0.026542900130152702,0.042330797761678696,0.1706843227148056,0.2855742275714874,0.7331741452217102,173.54261779785156,0.8035567402839661,0.8935180902481079,0.8500401377677917
08388A19.jpg,Oval,2,low,1.1615560054779053,0.7979490160942078,0.5150911211967468,0.29666760563850403,0.3103407919406891,0.39416274428367615,138.6085205078125,0.24888700246810913,0.18466626107692719,1.3350886106491089,0.035673558712005615,0.1640688180923462,0.9329351782798767,0.27883705496788025,0.36104071140289307,0.8626120090484619,0.08560892194509506,0.10618855059146881,1.5629409551620483,-0.002518594730645418,0.03801264613866806,0.17241279780864716,0.1086224913597107,0.6819411516189575,172.9105224609375,0.8563530445098877,0.9027695059776306,0.8984866738319397
05161A40.jpg,Round,3,low,1.2948282957077026,0.767681896686554,0.48876893520355225,0.3154233396053314,0.2802765369415283,0.40432289242744446,145.23748779296875,0.257506400346756,0.18584740161895752,9.138934135437012,0.02988342009484768,0.13110509514808655,0.8826812505722046,0.2515568137168884,0.3439776301383972,3.5244545936584473,0.12276515364646912,0.11969974637031555,1.552074909210205,0.003065176773816347,0.04060828685760498,0.19089069962501526,0.39059340953826904,0.5077623128890991,167.96527099609375,0.7977909445762634,0.8883309364318848,0.897530734539032
11185A41.jpg,Oblong,1,high,1.2219648361206055,0.7989659309387207,0.5195201635360718,0.2922367453575134,0.2994663417339325,0.4083976447582245,141.2912139892578,0.26532310247421265,0.17270220816135406,5.755919933319092,0.03587762266397476,0.13519439101219177,0.9494884610176086,0.27118295431137085,0.3698369562625885,2.5652666091918945,0.09857597947120667,0.09792919456958771,1.6894011497497559,0.0022042503114789724,0.036413200199604034,0.18802861869335175,0.23634174466133118,0.6849392056465149,172.37217712402344,0.8500166535377502,0.904552161693573,0.9055540561676025
09545A30.jpg,Oblong,1,high,1.2716615200042725,0.8039007186889648,0.5131188035011292,0.29567229747772217,0.2946516275405884,0.40969347953796387,138.08078002929688,0.22876165807247162,0.17416252195835114,7.451578140258789,0.034500155597925186,0.13008342683315277,0.9666185975074768,0.2627011835575104,0.3416372835636139,-2.868361711502075,0.1166478842496872,0.09962702542543411,1.6349589824676514,-0.010802221484482288,0.034262191504240036,0.17621897161006927,0.3514690697193146,0.680001974105835,171.33889770507812,0.8411725759506226,0.8908228278160095,0.8915653228759766
04271A34.jpg,Round,3,low,1.2819342613220215,0.8186655640602112,0.5304925441741943,0.2831983268260956,0.3044998347759247,0.4125182330608368,139.00772094726562,0.2650115489959717,0.19277849793434143,4.671967506408691,0.032192107290029526,0.14408880472183228,0.9829432964324951,0.27281612157821655,0.39550912380218506,1.9439735412597656,0.12422226369380951,0.09075908362865448,1.506456971168518,-0.012167380191385746,0.03825480863451958,0.20970426499843597,0.3035612106323242,0.6287760734558105,170.7338104248047,0.852314293384552,0.9132894277572632,0.8959482908248901
12727A61.jpg,Oblong,1,high,1.254820704460144,0.8287095427513123,0.5393215417861938,0.2913950979709625,0.3107534646987915,0.3982016146183014,139.5628662109375,0.23223012685775757,0.19835397601127625,5.372941017150879,0.03251543641090393,0.1202041283249855,1.1403948068618774,0.284737229347229,0.40893101692199707,5.9828290939331055,0.05517376586794853,0.11540048569440842,1.4459587335586548,-0.0014281715266406536,0.034461356699466705,0.187392920255661,0.3234895169734955,0.5365929007530212,171.05621337890625,0.8498741388320923,0.9011956453323364,0.9162800908088684
10503A36.jpg,Oblong,1,low,1.1398710012435913,0.8296754360198975,0.540877640247345,0.272539347410202,0.27907082438468933,0.44870778918266296,130.56248474121094,0.26772168278694153,0.16651985049247742,1.080358624458313,0.03381059318780899,0.16455085575580597,0.841813325881958,0.2373587042093277,0.37461763620376587,-2.8334248065948486,0.1338655799627304,0.11186204850673676,1.742416262626648,-0.02331940084695816,0.04114057496190071,0.18821358680725098,0.21958179771900177,0.6673386693000793,175.26229858398438,0.8481447696685791,0.9051879048347473,0.8505321145057678
07227A74.jpg,Round,3,low,1.2153139114379883,0.798892617225647,0.5152544379234314,0.31195059418678284,0.3291632831096649,0.358913779258728,143.6998291015625,0.2677685618400574,0.19238463044166565,8.841841697692871,0.034444715827703476,0.13808031380176544,0.9272404909133911,0.30258047580718994,0.35381707549095154,10.282410621643066,0.052796341478824615,0.11994355171918869,1.4823662042617798,0.002415768336504698,0.040613822638988495,0.20843636989593506,0.3820256292819977,0.5255308747291565,168.48297119140625,0.8697898983955383,0.9095684289932251,0.9192413091659546
12124A51.jpg,Oblong,1,low,1.1864720582962036,0.829148530960083,0.5284512639045715,0.28310325741767883,0.2837030589580536,0.43321412801742554,136.18873596191406,0.24698185920715332,0.16684025526046753,4.163852214813232,0.03378383815288544,0.13708019256591797,0.9141463041305542,0.2491340935230255,0.32908153533935547,0.440696656703949,0.0964423343539238,0.1246035099029541,1.6934854984283447,-0.008637052960693836,0.039604492485523224,0.18181279301643372,0.2737503945827484,0.6965293884277344,171.9136199951172,0.8307082056999207,0.8930793404579163,0.8781509399414062
10685A37.jpg,Oblong,1,low,1.2965279817581177,0.8064974546432495,0.5145094990730286,0.28863289952278137,0.28428590297698975,0.4291328191757202,137.54135131835938,0.2351006269454956,0.1824575662612915,2.798036813735962,0.03301244601607323,0.15243951976299286,0.9485065340995789,0.24920393526554108,0.3208217918872833,-0.8917655944824219,0.13297322392463684,0.09965895861387253,1.5802032947540283,-0.010772839188575745,0.039525143802165985,0.1866699457168579,0.30813512206077576,0.5708408951759338,171.40289306640625,0.8399892449378967,0.9072784185409546,0.8765961527824402
09999A33.jpg,Oblong,1,low,1.3652266263961792,0.7978707551956177,0.5045852661132812,0.30062320828437805,0.30238842964172363,0.4048421382904053,144.27716064453125,0.24509362876415253,0.17854122817516327,6.861897945404053,0.033339641988277435,0.12875531613826752,0.9565728306770325,0.2733199894428253,0.337507426738739,1.5775479078292847,0.1282372623682022,0.11605842411518097,1.5894571542739868,0.00031736362143419683,0.0375671312212944,0.1775849461555481,0.3541165888309479,0.6767055988311768,167.75070190429688,0.8482840657234192,0.8948391675949097,0.9038705825805664
01762A23.jpg,Heart,0,low,1.2140098810195923,0.7710797786712646,0.49034297466278076,0.3195621073246002,0.3062230944633484,0.3746638596057892,146.806396484375,0.2575634717941284,0.196489155292511,5.311925888061523,0.03538266569375992,0.1261512041091919,1.0602580308914185,0.287379652261734,0.4759277105331421,16.491147994995117,0.18186868727207184,0.035843946039676666,1.5386765003204346,0.023881716653704643,0.038524530827999115,0.18999624252319336,0.23506440222263336,0.5350034832954407,167.672119140625,0.8887767791748047,0.9177221059799194,0.9384649395942688
03025A28.jpg,Oval,2,low,1.3348151445388794,0.7434076070785522,0.46409621834754944,0.34932205080986023,0.3525570333003998,0.3033968508243561,152.73965454101562,0.26461222767829895,0.22285251319408417,12.24505615234375,0.03870430961251259,0.1562516838312149,0.976636528968811,0.33792924880981445,0.3663656413555145,16.683076858520508,0.08780381083488464,0.0717175081372261,1.3711087703704834,0.03825110197067261,0.049763478338718414,0.21940460801124573,0.4242669939994812,0.43896469473838806,163.0104522705078,0.918603777885437,0.9421083927154541,0.9585094451904297
11906A48.jpg,Oblong,1,low,1.3460673093795776,0.7825159430503845,0.4895593523979187,0.3090711236000061,0.2969420850276947,0.3954748213291168,142.74012756347656,0.220719113945961,0.18609991669654846,4.29902982711792,0.034176819026470184,0.14876021444797516,1.1409927606582642,0.2693493962287903,0.3917218744754791,11.551663398742676,0.13418853282928467,0.07885979115962982,1.54484224319458,0.0019620817620307207,0.042522598057985306,0.17073780298233032,0.253182053565979,0.48200032114982605,168.92237854003906,0.872684895992279,0.9041533470153809,0.9070772528648376
01878A24.jpg,Round,3,low,1.1859630346298218,0.7919576168060303,0.508008599281311,0.310377836227417,0.29020288586616516,0.4010906219482422,141.0755615234375,0.2747582197189331,0.19011133909225464,5.730010032653809,0.03511502221226692,0.1314162164926529,0.8687286376953125,0.26195773482322693,0.40858736634254456,4.93116569519043,0.09141604602336884,0.08205976337194443,1.6039988994598389,-0.0003371638886164874,0.03444620966911316,0.19456994533538818,0.22285138070583344,0.625150203704834,171.0089111328125,0.8920964598655701,0.9284648895263672,0.9026710391044617
04201A34.jpg,Round,3,low,1.1974437236785889,0.7851741313934326,0.5182825326919556,0.2719903886318207,0.30709776282310486,0.42097845673561096,145.54061889648438,0.27087265253067017,0.19238385558128357,5.405156135559082,0.032682813704013824,0.14773954451084137,0.8518410325050354,0.27406084537506104,0.33408811688423157,2.6011574268341064,0.13026094436645508,0.10812381654977798,1.544158935546875,-0.013662640005350113,0.03977720066905022,0.20549333095550537,0.2726997435092926,0.663655161857605,167.037841796875,0.866427481174469,0.9178931713104248,0.8924221396446228
03115A28.jpg,Round,3,low,1.2289296388626099,0.778423011302948,0.49253764748573303,0.31741929054260254,0.32166096568107605,0.36413219571113586,145.16268920898438,0.24698764085769653,0.19860365986824036,7.837179660797119,0.03552456200122833,0.13489414751529694,0.9166992902755737,0.29826754331588745,0.3521213233470917,9.764564514160156,0.0935935452580452,0.10672537982463837,1.4814471006393433,0.026304276660084724,0.04133172333240509,0.1919521540403366,0.31602928042411804,0.5422306060791016,169.06211853027344,0.8716873526573181,0.9171633720397949,0.9272729754447937
04912A38.jpg,Oblong,1,low,1.217234492301941,0.7662702202796936,0.4923096299171448,0.3214171826839447,0.29087749123573303,0.3877495229244232,145.85284423828125,0.2868809401988983,0.19381935894489288,7.768221855163574,0.03269928693771362,0.1382674276828766,0.8211815357208252,0.2629607915878296,0.3289145827293396,7.664741516113281,0.10892358422279358,0.13478653132915497,1.5094586610794067,0.01313980482518673,0.043361686170101166,0.21060875058174133,0.3579563498497009,0.6553937792778015,169.31993103027344,0.8405215740203857,0.9027739763259888,0.9040259122848511
01540A22.jpg,Round,3,low,1.2010456323623657,0.7983502745628357,0.5039157867431641,0.29624611139297485,0.2959590256214142,0.4078093469142914,143.22747802734375,0.25957047939300537,0.18001042306423187,3.1674044132232666,0.032145336270332336,0.12982599437236786,1.0553045272827148,0.26867881417274475,0.4337769150733948,13.379834175109863,0.17993241548538208,0.05147146061062813,1.5501227378845215,-0.010506265796720982,0.028078440576791763,0.17454928159713745,0.16413934528827667,0.5875727534294128,168.44342041015625,0.800516664981842,0.8967098593711853,0.9078243374824524
12926A66.jpg,Round,3,low,1.0634933710098267,0.8018503785133362,0.516170859336853,0.28748318552970886,0.26812994480133057,0.4445980191230774,134.02117919921875,0.24336683750152588,0.17990531027317047,-0.8321930170059204,0.037926655262708664,0.17112760245800018,0.9433542490005493,0.23101051151752472,0.3830993175506592,-4.110371112823486,0.13462777435779572,0.07669372111558914,1.5908867120742798,-0.010017084889113903,0.036675263196229935,0.16994379460811615,0.05396381393074989,0.5894340872764587,175.00772094726562,0.8487513065338135,0.8961170315742493,0.8615617752075195
02175A25.jpg,Heart,0,low,1.1640963554382324,0.7651973366737366,0.4816631078720093,0.30773410201072693,0.30394330620765686,0.38861849904060364,143.55419921875,0.24802032113075256,0.17091497778892517,4.815494537353516,0.036672867834568024,0.15755130350589752,0.8357394337654114,0.27707961201667786,0.3545999526977539,8.21462631225586,0.15241263806819916,0.07733538746833801,1.6668721437454224,-0.003204985521733761,0.04043367877602577,0.18522056937217712,0.2543773353099823,0.4237995743751526,168.43862915039062,0.8655053973197937,0.8983838558197021,0.9116161465644836
07660A06.jpg,Oval,2,low,1.161508560180664,0.8077036738395691,0.5281486511230469,0.2660422623157501,0.2297094762325287,0.5057663917541504,131.86134338378906,0.25832268595695496,0.19451677799224854,-2.441446304321289,0.032042860984802246,0.1522500365972519,0.7996572256088257,0.17998667061328888,0.31982851028442383,-12.079197883605957,0.21537606418132782,0.09043044596910477,1.5386971235275269,-0.03234440088272095,0.04381726309657097,0.1831035017967224,0.3201221227645874,0.7126380205154419,175.63766479492188,0.8577263951301575,0.9073477983474731,0.7835404872894287
05146A39.jpg,Oval,2,low,1.259535789489746,0.7918435335159302,0.5014695525169373,0.2992109954357147,0.32009410858154297,0.3921996057033539,145.93399047851562,0.2526894211769104,0.17699378728866577,4.2948808670043945,0.03605954721570015,0.1457642763853073,0.9920246005058289,0.29477062821388245,0.36286094784736633,2.9587533473968506,0.09436854720115662,0.10462082177400589,1.5810987949371338,0.000716065289452672,0.03240945562720299,0.18079179525375366,0.19720682501792908,0.583988606929779,169.80361938476562,0.8471745848655701,0.9058981537818909,0.9208873510360718
04923A38.jpg,Heart,0,low,1.2805978059768677,0.786348819732666,0.509189248085022,0.29847756028175354,0.2943408787250519,0.40845629572868347,144.44021606445312,0.23818449676036835,0.19503694772720337,6.219018459320068,0.032403793185949326,0.123239666223526,1.0488985776901245,0.27147552371025085,0.4061736762523651,10.719429969787598,0.13407503068447113,0.07463925331830978,1.4973194599151611,0.008247433230280876,0.03429277613759041,0.19612738490104675,0.35802629590034485,0.5369269847869873,167.14990234375,0.8614594340324402,0.9034136533737183,0.9223167300224304
10039A33.jpg,Square,4,low,1.2445698976516724,0.8034056425094604,0.5238026976585388,0.2580209970474243,0.2781780958175659,0.46380114555358887,139.06320190429688,0.25998127460479736,0.1741648018360138,-0.36183321475982666,0.030656123533844948,0.15196269750595093,0.8662172555923462,0.23523950576782227,0.32049793004989624,-3.578779458999634,0.13420504331588745,0.11565974354743958,1.6480954885482788,-0.04088101536035538,0.04020538553595543,0.19065138697624207,0.27976128458976746,0.7923577427864075,171.6090545654297,0.8240454792976379,0.9023712873458862,0.8456435203552246
13203A76.jpg,Oblong,1,low,1.241204857826233,0.8116579651832581,0.5183444619178772,0.3090260624885559,0.28773239254951477,0.4033638536930084,133.66653442382812,0.22774538397789001,0.18324193358421326,3.366330146789551,0.037458986043930054,0.1306011825799942,0.9416765570640564,0.25236496329307556,0.3286970555782318,-3.4997100830078125,0.03148174658417702,0.12962885200977325,1.6064730882644653,0.005903043784201145,0.04017742723226547,0.17437374591827393,0.3224858045578003,0.732086181640625,175.94459533691406,0.8585161566734314,0.8956611156463623,0.8770821690559387
08376A19.jpg,Round,3,low,1.2038483619689941,0.7936992049217224,0.5067007541656494,0.2931601405143738,0.31183743476867676,0.3950214385986328,142.69891357421875,0.24613584578037262,0.1793334186077118,3.0973317623138428,0.03539709374308586,0.15240620076656342,0.9567387104034424,0.283833771944046,0.35485562682151794,5.485666751861572,0.10921694338321686,0.08494945615530014,1.621681571006775,-0.00846576876938343,0.036595869809389114,0.18205858767032623,0.15728071331977844,0.5462665557861328,169.87521362304688,0.8421570062637329,0.9028013944625854,0.910197913646698
11128A40.jpg,Oblong,1,low,1.2240020036697388,0.786676287651062,0.5181213021278381,0.26945480704307556,0.27182161808013916,0.45877617597579956,136.82345581054688,0.259308785200119,0.18298065662384033,-0.33296531438827515,0.032121602445840836,0.15028603374958038,0.9431167244911194,0.23531627655029297,0.3898048996925354,2.7530272006988525,0.1994630992412567,0.08678659796714783,1.5755687952041626,-0.025088828057050705,0.03750843554735184,0.19016408920288086,0.17680136859416962,0.7434777617454529,172.36341857910156,0.8586354851722717,0.9019930958747864,0.8657011389732361
00990A17.jpg,Round,3,low,1.185226559638977,0.7793415188789368,0.4995228350162506,0.3072050213813782,0.3093316853046417,0.3836585581302643,140.47454833984375,0.24622157216072083,0.19433225691318512,6.370055675506592,0.03387708589434624,0.1304248571395874,0.9664363861083984,0.27943143248558044,0.36474838852882385,3.0335886478424072,0.08379656076431274,0.1000276505947113,1.5109694004058838,-0.006095326039940119,0.03609446808695793,0.18386714160442352,0.2819276750087738,0.7105777859687805,172.39923095703125,0.8531678318977356,0.9096373319625854,0.9033392071723938
08232A16.jpg,Oval,2,low,1.2156766653060913,0.78568035364151,0.5055357217788696,0.3000103831291199,0.31844568252563477,0.38453176617622375,145.28323364257812,0.27764007449150085,0.189437597990036,5.352766990661621,0.03500249981880188,0.15244102478027344,0.8843483328819275,0.291187584400177,0.36966612935066223,3.5157010555267334,0.08406966924667358,0.09564097970724106,1.5520141124725342,-0.0025491288397461176,0.039440564811229706,0.2139624059200287,0.3191140294075012,0.6613610982894897,167.71661376953125,0.875674843788147,0.9173764586448669,0.9144026637077332
08607A23.jpg,Round,3,low,1.1682507991790771,0.7898533344268799,0.4970078468322754,0.31063735485076904,0.3102997839450836,0.37909048795700073,140.52981567382812,0.2366994321346283,0.17665499448776245,5.5433759689331055,0.03629527986049652,0.15877103805541992,0.9325799345970154,0.28241726756095886,0.31390100717544556,-0.7981914281845093,0.08978007733821869,0.08831282705068588,1.5889641046524048,0.003946652635931969,0.0421539805829525,0.17178869247436523,0.23086000978946686,0.6423256397247314,171.299560546875,0.8374177813529968,0.890000581741333,0.910143256187439
05907A46.jpg,Oval,2,low,1.2743284702301025,0.804912269115448,0.517558753490448,0.30191585421562195,0.2918149530887604,0.40672385692596436,144.45736694335938,0.24862124025821686,0.20822298526763916,6.693053722381592,0.0330103375017643,0.1136176735162735,1.1469595432281494,0.267092227935791,0.4969503879547119,12.533895492553711,0.15384642779827118,0.05431690067052841,1.4718866348266602,0.021533062681555748,0.036799732595682144,0.18513529002666473,0.26514461636543274,0.5753591656684875,168.85641479492188,0.8607673048973083,0.9180005788803101,0.9152793884277344
12626A59.jpg,Round,3,low,1.2500288486480713,0.7791710495948792,0.49115854501724243,0.3232475221157074,0.3349403142929077,0.34184330701828003,147.60104370117188,0.26383697986602783,0.19209681451320648,4.542661190032959,0.036766715347766876,0.14216402173042297,1.0914514064788818,0.31735366582870483,0.42996490001678467,19.46843910217285,0.10924564301967621,0.06500743329524994,1.5561504364013672,0.011665386147797108,0.03866554796695709,0.20231282711029053,0.20480988919734955,0.30630314350128174,167.0123291015625,0.9064146280288696,0.9296731352806091,0.9474931955337524
01844A24.jpg,Oval,2,low,1.3364940881729126,0.7887131571769714,0.49288666248321533,0.3154715895652771,0.3159410059452057,0.3765481114387512,144.64471435546875,0.2356041818857193,0.19952763617038727,7.638495445251465,0.03223056718707085,0.1208251342177391,1.0743670463562012,0.29247626662254333,0.46138325333595276,16.578773498535156,0.13966801762580872,0.07093480974435806,1.4380437135696411,0.007555866148322821,0.03923969715833664,0.17216630280017853,0.31304919719696045,0.49439164996147156,167.42474365234375,0.8384754657745361,0.9313544631004333,0.9257305860519409
00681A12.jpg,Round,3,low,1.1823726892471313,0.8174733519554138,0.5227532386779785,0.2852078378200531,0.28522393107414246,0.4307069480419159,133.5102081298828,0.2721569240093231,0.19409386813640594,2.5726966857910156,0.03240476921200752,0.1672929972410202,0.780079185962677,0.24318742752075195,0.3366769552230835,-8.69003963470459,0.11633478850126266,0.10523489862680435,1.5074383020401,-0.02222033217549324,0.04449426010251045,0.1994582563638687,0.3115687966346741,0.9056151509284973,174.0513458251953,0.8434183597564697,0.9107820391654968,0.8526193499565125
08462A21.jpg,Oval,2,low,1.2853302955627441,0.7750781178474426,0.5078625679016113,0.28712767362594604,0.3172181248664856,0.3957228660583496,148.37960815429688,0.25438743829727173,0.19593195617198944,8.379785537719727,0.033083055168390274,0.12960293889045715,0.9883629679679871,0.2930029034614563,0.34312522411346436,6.496943473815918,0.152800053358078,0.09612062573432922,1.4870103597640991,0.0033465141896158457,0.03714340180158615,0.19808396697044373,0.38804060220718384,0.4917098879814148,166.04978942871094,0.8697819709777832,0.9080241322517395,0.923663854598999
11679A45.jpg,Heart,0,low,1.0530203580856323,0.8130747675895691,0.5137436389923096,0.3195807933807373,0.3038219213485718,0.3769664764404297,134.7756805419922,0.2603442668914795,0.17661014199256897,4.850322246551514,0.03880349174141884,0.1443926841020584,0.9520707726478577,0.2761937379837036,0.39594924449920654,1.7604142427444458,0.09410294890403748,0.08518113940954208,1.5946338176727295,-0.008633526973426342,0.03685248643159866,0.18079324066638947,0.290908545255661,0.6829454898834229,174.12269592285156,0.865680456161499,0.8954412937164307,0.9090644717216492
11451A43.jpg,Square,4,low,1.2271826267242432,0.7958683371543884,0.4961492419242859,0.3152303993701935,0.30058926343917847,0.38494807481765747,142.41525268554688,0.23662656545639038,0.17705008387565613,6.886072158813477,0.03380332142114639,0.1437659114599228,1.1793187856674194,0.27558434009552,0.5012767910957336,15.249143600463867,0.14641575515270233,0.06626123934984207,1.582998275756836,0.01054885983467102,0.043355438858270645,0.16757772862911224,0.2557295262813568,0.4260077476501465,169.9779052734375,0.8401935696601868,0.9063284397125244,0.9168137311935425
10557A36.jpg,Square,4,low,1.1843127012252808,0.8268432021141052,0.5263015031814575,0.28881141543388367,0.29094940423965454,0.42028018832206726,133.95419311523438,0.2460867315530777,0.17054031789302826,1.5640010833740234,0.03511578217148781,0.16363570094108582,0.892615556716919,0.2542594373226166,0.34486764669418335,0.045820653438568115,0.11928977817296982,0.11669296771287918,1.666093111038208,-0.0075260354205966,0.04166831821203232,0.18463850021362305,0.21981559693813324,0.5975651144981384,174.4150848388672,0.8270881175994873,0.8935667276382446,0.8738957047462463
11593A45.jpg,Square,4,low,1.224953532218933,0.7904550433158875,0.5196918249130249,0.27893728017807007,0.28605347871780396,0.43506360054016113,139.36370849609375,0.2495654821395874,0.1894780397415161,1.237607717514038,0.033409830182790756,0.16843226552009583,0.9592447280883789,0.25118064880371094,0.3635321259498596,-1.5281951427459717,0.15162992477416992,0.10075326263904572,1.557637333869934,-0.025445133447647095,0.03801025450229645,0.1958344429731369,0.20564064383506775,0.5417718291282654,172.24771118164062,0.8632655143737793,0.9060243964195251,0.8780899047851562
06427A53.jpg,Oblong,1,low,1.4342961311340332,0.8177899718284607,0.534490168094635,0.2599610388278961,0.2908559739589691,0.45896148681640625,147.7308349609375,0.2397676259279251,0.17936383187770844,5.33723258972168,0.029797133058309555,0.11055410653352737,0.9670743942260742,0.2666001319885254,0.3956792652606964,6.9874396324157715,0.17304778099060059,0.10088497400283813,1.547516942024231,-0.010380996391177177,0.03353021293878555,0.1736484318971634,0.35910406708717346,0.6080862283706665,163.8926544189453,0.8321393132209778,0.8857688903808594,0.9166053533554077
08920A26.jpg,Oblong,1,low,1.3363603353500366,0.7704852819442749,0.49571576714515686,0.32234543561935425,0.3440685272216797,0.33358651399612427,145.03628540039062,0.25980979204177856,0.19823259115219116,9.042510032653809,0.03780760616064072,0.15305308997631073,0.9201998114585876,0.32181164622306824,0.377703458070755,7.549247741699219,0.08042746037244797,0.10035604238510132,1.531996726989746,0.0034980089403688908,0.03628276288509369,0.2093317061662674,0.3243860900402069,0.3965444564819336,169.4830322265625,0.9150140285491943,0.9213037490844727,0.9353126287460327
11724A46.jpg,Square,4,low,1.2184580564498901,0.8322545886039734,0.5324864387512207,0.2852567136287689,0.2970740795135498,0.41772451996803284,136.29916381835938,0.22260817885398865,0.179886132478714,4.183349609375,0.033044394105672836,0.14132261276245117,1.123759388923645,0.26818472146987915,0.35431811213493347,1.0257608890533447,0.10883301496505737,0.10399774461984634,1.5506082773208618,-0.0179363451898098,0.03902429714798927,0.1808679848909378,0.2716490924358368,0.6558343172073364,172.8145294189453,0.8369479775428772,0.8962961435317993,0.9027537703514099
10120A33.jpg,Square,4,low,1.2365375757217407,0.7901601195335388,0.5054726600646973,0.3028786778450012,0.275579571723938,0.4216879606246948,136.737060546875,0.23250152170658112,0.17832708358764648,4.6266560554504395,0.033597588539123535,0.13340771198272705,0.9542725682258606,0.2411365509033203,0.3192387819290161,-3.623654365539551,0.09844125807285309,0.11833711713552475,1.59600031375885,-0.010290710255503654,0.03877312317490578,0.17859362065792084,0.3521364629268646,0.7381389141082764,174.28091430664062,0.8377213478088379,0.8832027912139893,0.8750160336494446
04921A38.jpg,Round,3,low,1.1546521186828613,0.7788228392601013,0.4917174279689789,0.31007614731788635,0.30969879031181335,0.3802471458911896,144.04283142089844,0.25825926661491394,0.18137697875499725,8.383193969726562,0.036465760320425034,0.14762255549430847,0.9641144871711731,0.2856479585170746,0.3702002465724945,9.862015724182129,0.137712761759758,0.07067043334245682,1.5487784147262573,0.006351442076265812,0.0416853092610836,0.19307224452495575,0.3926783800125122,0.557034432888031,167.10743713378906,0.8460349440574646,0.8911223411560059,0.9223412275314331
12471A56.jpg,Oblong,1,low,1.180141568183899,0.8254622220993042,0.5126330256462097,0.332187682390213,0.2866213619709015,0.3814387321472168,131.43063354492188,0.22693844139575958,0.17678260803222656,6.128661155700684,0.033932071179151535,0.13099972903728485,0.9246650338172913,0.2598143517971039,0.3112824559211731,4.500545501708984,0.09271314740180969,0.10197951644659042,1.5901371240615845,0.018189135938882828,0.04248746484518051,0.1723705679178238,0.35503053665161133,0.5949770212173462,175.42478942871094,0.8027397990226746,0.8788055777549744,0.9064724445343018
10040A33.jpg,Oblong,1,low,1.3155879974365234,0.7740662693977356,0.4988899827003479,0.299521803855896,0.3147178292274475,0.38939639925956726,148.53988647460938,0.2590177655220032,0.18954436480998993,5.901604652404785,0.033290356397628784,0.1281047910451889,0.9274044632911682,0.28679442405700684,0.30498236417770386,6.934832572937012,0.11076828837394714,0.11820764094591141,1.57014000415802,-0.0031838214490562677,0.034150924533605576,0.18914400041103363,0.32053476572036743,0.6468883156776428,167.52569580078125,0.8617970943450928,0.9167733788490295,0.9112747311592102
03781A32.jpg,Oval,2,low,1.223165512084961,0.8081160187721252,0.5116562843322754,0.3083943724632263,0.30164140462875366,0.390512079000473,138.91891479492188,0.2679697275161743,0.18275105953216553,6.441197395324707,0.03429626300930977,0.14789842069149017,0.8256728649139404,0.27285635471343994,0.3381255865097046,7.309479713439941,0.12713171541690826,0.10421066731214523,1.5848008394241333,0.017260584980249405,0.043804656714200974,0.2024277001619339,0.3219562768936157,0.6757372617721558,170.26251220703125,0.8468069434165955,0.9113864898681641,0.9045720100402832
11700A45.jpg,Square,4,low,1.210045337677002,0.7974902987480164,0.506218671798706,0.30537480115890503,0.2982717752456665,0.39636170864105225,140.17832946777344,0.26322120428085327,0.16923058032989502,3.8815853595733643,0.03545129671692848,0.14632168412208557,0.9152229428291321,0.2702665328979492,0.3143509030342102,-2.276014804840088,0.08531027287244797,0.10157144069671631,1.6414659023284912,-0.003128028241917491,0.035908717662096024,0.17505556344985962,0.19673758745193481,0.7601526379585266,172.66452026367188,0.8280082941055298,0.8900960087776184,0.9061082601547241
01116A18.jpg,Round,3,low,1.277535080909729,0.7986364364624023,0.5034397840499878,0.3147311806678772,0.3170698285102844,0.3733748197555542,143.57427978515625,0.26029685139656067,0.18909554183483124,8.451944351196289,0.03358280658721924,0.15241701900959015,0.9199108481407166,0.2913331985473633,0.30381590127944946,0.9238595962524414,0.10076029598712921,0.09728721529245377,1.4902777671813965,-0.0005416187923401594,0.043327875435352325,0.1870153397321701,0.3593641519546509,0.634085476398468,169.67364501953125,0.8482959270477295,0.9118863940238953,0.9188297986984253
06284A50.jpg,Oblong,1,low,1.360829472541809,0.8434464335441589,0.54679274559021,0.29459860920906067,0.2731916010379791,0.43674615025520325,144.2112274169922,0.22545823454856873,0.19206655025482178,5.093691349029541,0.030270515009760857,0.09975823014974594,1.0929311513900757,0.250688374042511,0.47340601682662964,14.729242324829102,0.15406394004821777,0.08243664354085922,1.4785785675048828,0.015329396352171898,0.03215509280562401,0.17055150866508484,0.31922057271003723,0.5287407040596008,165.2572784423828,0.8096421957015991,0.915864884853363,0.9176284670829773
09596A31.jpg,Oval,2,low,1.2762072086334229,0.8380975723266602,0.5442936420440674,0.28198906779289246,0.28049173951148987,0.44147780537605286,138.13916015625,0.2640191912651062,0.18950743973255157,3.492677688598633,0.03134162724018097,0.14484475553035736,0.9958093762397766,0.2510678172111511,0.4601789712905884,6.943612098693848,0.16134321689605713,0.08344268798828125,1.538804292678833,-0.006507257930934429,0.038436103612184525,0.207850381731987,0.30738767981529236,0.5667343735694885,169.21945190429688,0.856255054473877,0.9161388874053955,0.895098865032196
08604A23.jpg,Oval,2,low,1.1248022317886353,0.7327617406845093,0.46343719959259033,0.35605329275131226,0.356334924697876,0.2895452380180359,153.58018493652344,0.259648859500885,0.19034911692142487,11.066787719726562,0.04269953444600105,0.13682684302330017,0.9822295308113098,0.346240758895874,0.32167378067970276,13.18098258972168,0.0893225446343422,0.07624994963407516,1.5411239862442017,0.0338657982647419,0.03761458024382591,0.19737784564495087,0.3494446873664856,0.5830866694450378,164.64622497558594,0.8928857445716858,0.9072093963623047,0.9716722369194031
01415A21.jpg,Oval,2,low,1.2114278078079224,0.7972540259361267,0.5052646994590759,0.31942832469940186,0.2840324640274048,0.39660191535949707,138.24508666992188,0.2670125365257263,0.19758987426757812,5.452814102172852,0.03346019610762596,0.12818878889083862,0.8338274359703064,0.25371578335762024,0.33394283056259155,-2.355315923690796,0.09769785404205322,0.08812126517295837,1.479126214981079,-0.001253490918315947,0.03991958498954773,0.19727687537670135,0.3884298801422119,0.6899303793907166,171.17221069335938,0.8442873358726501,0.9016472101211548,0.8932633399963379
11429A43.jpg,Oblong,1,low,1.1445813179016113,0.8142810463905334,0.5249547958374023,0.2708256244659424,0.28601011633872986,0.44331079721450806,134.01535034179688,0.2536669671535492,0.1528661549091339,0.002931356430053711,0.0375792533159256,0.1547749787569046,0.8151533603668213,0.24317581951618195,0.33844584226608276,0.024384617805480957,0.08857150375843048,0.1380923092365265,1.8310184478759766,-0.029883870854973793,0.03942366689443588,0.17467433214187622,0.17850938439369202,0.7184528112411499,175.06552124023438,0.8287043571472168,0.8920719623565674,0.8502349853515625
08443A20.jpg,Oval,2,low,1.2248454093933105,0.8095956444740295,0.5233638882637024,0.2875215709209442,0.2896622121334076,0.4321582019329071,141.78768920898438,0.2369728982448578,0.1839146763086319,3.476590156555176,0.03594142571091652,0.13377101719379425,0.9601655602455139,0.26397791504859924,0.3835804760456085,1.4503690004348755,0.11677932739257812,0.09529180824756622,1.5610885620117188,-0.005059857852756977,0.036094821989536285,0.18224763870239258,0.32180237770080566,0.6843855381011963,169.94146728515625,0.868761420249939,0.8941860795021057,0.9113301634788513
13009A69.jpg,Oblong,1,low,1.3176647424697876,0.8168051242828369,0.5269383192062378,0.295052707195282,0.30721789598464966,0.397749125957489,143.03268432617188,0.24460618197917938,0.18268318474292755,2.400097370147705,0.03247322514653206,0.11007934808731079,1.1897308826446533,0.2853933572769165,0.5072483420372009,15.032567977905273,0.13703106343746185,0.06337602436542511,1.5972431898117065,0.007789297960698605,0.03309130668640137,0.17243452370166779,0.20699000358581543,0.3963496685028076,169.01600646972656,0.8631192445755005,0.9054002165794373,0.9289608001708984
04305A34.jpg,Heart,0,low,1.2169986963272095,0.7474015951156616,0.4671008586883545,0.3355311453342438,0.3233475089073181,0.3412415087223053,150.573974609375,0.26497992873191833,0.19739797711372375,10.078786849975586,0.03678558021783829,0.12457166612148285,0.9375568628311157,0.30651021003723145,0.40433117747306824,18.673742294311523,0.13464395701885223,0.05722601339221001,1.5344899892807007,0.027546564117074013,0.03928416222333908,0.2069406360387802,0.33090171217918396,0.35417264699935913,164.18226623535156,0.9003725647926331,0.9261870384216309,0.9479281902313232
12709A60.jpg,Oblong,1,low,1.2105318307876587,0.8157914876937866,0.5203806161880493,0.2973388433456421,0.29760339856147766,0.4052778482437134,134.57843017578125,0.2590446472167969,0.16953136026859283,1.2473620176315308,0.03293021768331528,0.16234511137008667,0.952125608921051,0.26494476199150085,0.36227118968963623,-1.9029440879821777,0.1064024269580841,0.0941610112786293,1.6411265134811401,-0.01740187779068947,0.03778788819909096,0.1848268061876297,0.14530810713768005,0.6881929039955139,173.94552612304688,0.8278551697731018,0.8917741179466248,0.890261173248291
12091A51.jpg,Oblong,1,low,1.3083226680755615,0.8171319365501404,0.5172955989837646,0.2818159759044647,0.29634785652160645,0.42185255885124207,135.34915161132812,0.23591665923595428,0.1866520345211029,3.1510167121887207,0.029890010133385658,0.1443796157836914,1.0415918827056885,0.2535337805747986,0.401504248380661,0.1708693504333496,0.0903642326593399,0.12749797105789185,1.5355325937271118,-0.02781621180474758,0.04421161487698555,0.17229023575782776,0.3424115777015686,0.7884864807128906,174.39886474609375,0.816295862197876,0.8948541879653931,0.8555275797843933
07774A08.jpg,Round,3,low,1.1832003593444824,0.7875208258628845,0.5113471746444702,0.29501625895500183,0.26155567169189453,0.44348856806755066,138.90243530273438,0.2755510210990906,0.18431851267814636,3.8580007553100586,0.03455269709229469,0.14647915959358215,0.7983607649803162,0.22605019807815552,0.314074844121933,-7.742558479309082,0.14049771428108215,0.08787669986486435,1.6618525981903076,-0.001361966016702354,0.03977162018418312,0.20017968118190765,0.23077811300754547,0.7630335092544556,171.0634002685547,0.8835306763648987,0.9149636030197144,0.8642526865005493
01870A24.jpg,Oval,2,low,1.2486971616744995,0.7689837217330933,0.48802950978279114,0.3308538496494293,0.3146358132362366,0.35583940148353577,147.621337890625,0.2707003951072693,0.1916770040988922,9.981669425964355,0.035641126334667206,0.12954366207122803,0.8832867741584778,0.29336094856262207,0.37297919392585754,14.045980453491211,0.10616181790828705,0.08296799659729004,1.5676960945129395,0.03643357753753662,0.03749264404177666,0.20797041058540344,0.33689379692077637,0.48507261276245117,166.70492553710938,0.8713867664337158,0.9208270907402039,0.9323825836181641
01353A20.jpg,Heart,0,low,1.2288868427276611,0.7617675065994263,0.4935767948627472,0.3099169433116913,0.29581302404403687,0.39666470885276794,149.0271453857422,0.2567841112613678,0.19021311402320862,7.486586570739746,0.03652293235063553,0.1381874829530716,0.8448410034179688,0.2717111110687256,0.37881365418434143,8.920485496520996,0.16034384071826935,0.06846044957637787,1.5557323694229126,0.01651650108397007,0.03548067435622215,0.19194163382053375,0.29597389698028564,0.46386265754699707,166.79693603515625,0.8748157024383545,0.9197298288345337,0.9185231328010559
02293A26.jpg,Round,3,low,1.3050912618637085,0.7852334976196289,0.5011416077613831,0.30104827880859375,0.3022328317165375,0.3970056176185608,139.87425231933594,0.26181870698928833,0.20303213596343994,4.790963172912598,0.03149709478020668,0.1708245724439621,0.949085533618927,0.2696531414985657,0.3830464482307434,4.931549072265625,0.11291602998971939,0.09873445332050323,1.4909406900405884,-0.01638180948793888,0.04795054346323013,0.20912595093250275,0.3371005654335022,0.7292323708534241,171.25941467285156,0.8738738298416138,0.9282545447349548,0.8922033905982971
10556A36.jpg,Oval,2,low,1.3060872554779053,0.7975887060165405,0.5062171816825867,0.3052903711795807,0.2902141213417053,0.40451687574386597,143.35272216796875,0.24391554296016693,0.1825326532125473,6.254003047943115,0.0323537178337574,0.12811890244483948,0.9682331681251526,0.26413360238075256,0.38120564818382263,10.332976341247559,0.1300225406885147,0.10308204591274261,1.5915488004684448,0.0016457319725304842,0.03745347261428833,0.18765626847743988,0.3628498911857605,0.3537839949131012,168.3865509033203,0.8452967405319214,0.8965164422988892,0.9101334810256958
05315A41.jpg,Round,3,low,1.1850272417068481,0.7949889302253723,0.5151825547218323,0.28156578540802,0.29091620445251465,0.42761194705963135,137.8009033203125,0.24317093193531036,0.18279598653316498,1.8933229446411133,0.032553888857364655,0.1441253423690796,0.9421602487564087,0.25349554419517517,0.3810596764087677,-0.416014701128006,0.09904659539461136,0.10730065405368805,1.5701006650924683,-0.021001826971769333,0.03493960201740265,0.17270812392234802,0.19146765768527985,0.6693990230560303,174.0503387451172,0.8090028166770935,0.8956999182701111,0.8713696599006653
10755A37.jpg,Round,3,low,1.1442680358886719,0.8174071907997131,0.5266139507293701,0.2989875078201294,0.3044864535331726,0.3965896964073181,134.93853759765625,0.25297096371650696,0.18967364728450775,0.8551533818244934,0.03394874557852745,0.16160860657691956,1.0879555940628052,0.2737283706665039,0.4254012703895569,2.5146584510803223,0.11343070864677429,0.08127785474061966,1.5065304040908813,-0.011705614626407623,0.03694366291165352,0.1823101043701172,0.08949845284223557,0.789175808429718,174.68618774414062,0.8342155814170837,0.907401442527771,0.8989837765693665
09990A33.jpg,Square,4,low,1.1706604957580566,0.7923927307128906,0.5059573650360107,0.3013972342014313,0.2935696840286255,0.4052542448043823,137.36404418945312,0.2616187036037445,0.1671755611896515,4.310457229614258,0.035121846944093704,0.13262119889259338,0.9489622712135315,0.2624959647655487,0.36087873578071594,1.7551319599151611,0.07676836103200912,0.10322241485118866,1.6990818977355957,-0.018237436190247536,0.0394216813147068,0.17656560242176056,0.24629777669906616,0.7259035706520081,175.585205078125,0.8608155846595764,0.9032617807388306,0.8941521644592285
06670A57.jpg,Round,3,low,1.189092755317688,0.7898038029670715,0.5067737698554993,0.2765059769153595,0.2751002609729767,0.4484509229660034,143.7003936767578,0.2584051787853241,0.17609545588493347,5.433846950531006,0.03061199001967907,0.139528289437294,0.9442658424377441,0.2432592362165451,0.3782193064689636,7.797763347625732,0.147715762257576,0.10453543066978455,1.5846107006072998,-0.013110006228089333,0.04254274070262909,0.18838506937026978,0.29948946833610535,0.4468323886394501,168.941650390625,0.8313512206077576,0.9018669128417969,0.8842566609382629
04690A36.jpg,Oval,2,low,1.278321385383606,0.8130683898925781,0.5184718370437622,0.3232218623161316,0.2473386824131012,0.43513768911361694,143.42222595214844,0.2507134675979614,0.1902935653924942,4.132412433624268,0.028471162542700768,0.1466473489999771,0.9178388714790344,0.22256530821323395,0.3669359087944031,6.701119422912598,0.10940013825893402,0.1269802451133728,1.51582932472229,-0.0015621990896761417,0.04176284745335579,0.1978626847267151,0.32081398367881775,0.6785406470298767,168.59585571289062,0.7526825070381165,0.9033157825469971,0.899840235710144
08077A13.jpg,Round,3,low,1.1937649250030518,0.7614710330963135,0.48651692271232605,0.2980993390083313,0.28983035683631897,0.4121894836425781,144.66009521484375,0.26569005846977234,0.17628337442874908,4.121739387512207,0.033646829426288605,0.1505574733018875,0.9246504306793213,0.26091834902763367,0.37703558802604675,9.029016494750977,0.14542555809020996,0.09386497735977173,1.6465927362442017,-0.011912657879292965,0.03975279629230499,0.19891536235809326,0.26014918088912964,0.5101361274719238,169.11497497558594,0.8708187341690063,0.9039486646652222,0.9002450704574585
00031A02.jpg,Round,3,high,1.1279851198196411,0.7689366340637207,0.47879746556282043,0.3367209732532501,0.29045695066452026,0.3732723891735077,137.80181884765625,0.25610601902008057,0.17509452998638153,9.295686721801758,0.037245213985443115,0.14445894956588745,0.8508778214454651,0.26110512018203735,0.332007497549057,-2.5092382431030273,0.1463840752840042,0.07242461293935776,1.6366227865219116,-0.0015069704968482256,0.0435388907790184,0.175079807639122,0.41003257036209106,0.5649515390396118,169.88232421875,0.8651714324951172,0.9026609063148499,0.8989460468292236
10147A34.jpg,Oblong,1,low,1.2810420989990234,0.8004323244094849,0.5144392848014832,0.2899932563304901,0.284248024225235,0.42585283517837524,137.94827270507812,0.2587381899356842,0.18141686916351318,3.900416851043701,0.032507892698049545,0.1326047033071518,0.9771331548690796,0.2497960329055786,0.3964248299598694,2.5102107524871826,0.12594544887542725,0.1106138601899147,1.6127500534057617,-0.012861868366599083,0.039627209305763245,0.178745299577713,0.2616898715496063,0.646217942237854,172.94102478027344,0.8461916446685791,0.9087945222854614,0.8787960410118103
01224A19.jpg,Round,3,low,1.3038816452026367,0.7590047121047974,0.4833078682422638,0.3343268036842346,0.3401813507080078,0.33005762100219727,151.3057861328125,0.2796784043312073,0.21169476211071014,8.884764671325684,0.033796489238739014,0.14955629408359528,0.9382320642471313,0.32324159145355225,0.42726850509643555,17.86443519592285,0.11202965676784515,0.07030203938484192,1.4025022983551025,0.0032619803678244352,0.045379191637039185,0.22082798182964325,0.3779143989086151,0.4870247542858124,162.0286407470703,0.8935216665267944,0.9443449974060059,0.9502037167549133
00311A06.jpg,Oval,2,low,1.1158088445663452,0.8050138354301453,0.517220675945282,0.3094652593135834,0.30242490768432617,0.3888986110687256,144.85748291015625,0.2617831528186798,0.1871492564678192,2.1668949127197266,0.03646574541926384,0.10719527304172516,1.0404834747314453,0.28505170345306396,0.4452131688594818,9.925580978393555,0.12730751931667328,0.06655315309762955,1.5451791286468506,0.004384334664791822,0.024863479658961296,0.18276511132717133,0.17690585553646088,0.46839091181755066,168.31900024414062,0.8705044388771057,0.90561842918396,0.942553699016571
00794A14.jpg,Round,3,low,1.130996823310852,0.7452711462974548,0.4790823757648468,0.32024064660072327,0.32861384749412537,0.35116249322891235,148.38479614257812,0.2562134861946106,0.18020005524158478,5.960464954376221,0.038394857197999954,0.12390188127756119,0.9077021479606628,0.30851492285728455,0.3215332329273224,2.362058639526367,0.12093861401081085,0.08135803788900375,1.6165984869003296,0.020076986402273178,0.030520852655172348,0.18024194240570068,0.2189750373363495,0.6271122097969055,168.8435516357422,0.871181309223175,0.8976591229438782,0.9388372302055359
09779A32.jpg,Round,3,low,1.2307804822921753,0.7995468974113464,0.49856293201446533,0.3335949182510376,0.2958059012889862,0.37309783697128296,139.713623046875,0.24414758384227753,0.1858936846256256,7.675110816955566,0.03785598650574684,0.18276157975196838,0.9203845858573914,0.26976266503334045,0.3115558624267578,-1.1016318798065186,0.08544674515724182,0.09322452545166016,1.5481370687484741,0.025598302483558655,0.04701707512140274,0.19461806118488312,0.3602140545845032,0.6613988280296326,171.71380615234375,0.848412811756134,0.8984857797622681,0.9119583368301392
09265A29.jpg,Oval,2,low,1.2571343183517456,0.8129382133483887,0.52451092004776,0.30772504210472107,0.2863096594810486,0.40597763657569885,142.5364990234375,0.25561341643333435,0.18687625229358673,5.787930488586426,0.03140093758702278,0.12164853513240814,0.9801755547523499,0.2626996338367462,0.40886130928993225,8.881551742553711,0.08765450865030289,0.08858786523342133,1.6247164011001587,0.014248357154428959,0.03641007840633392,0.19222289323806763,0.2868359386920929,0.46210977435112,169.43804931640625,0.8449560403823853,0.9023288488388062,0.917536735534668
09120A28.jpg,Oval,2,low,1.2435411214828491,0.7986969947814941,0.5140397548675537,0.2842596769332886,0.29578861594200134,0.42194077372550964,141.22787475585938,0.2392355352640152,0.21750874817371368,2.620227813720703,0.03309272229671478,0.15729641914367676,0.9791889190673828,0.260945200920105,0.3215351402759552,0.28117892146110535,0.10792049020528793,0.11776066571474075,1.4100936651229858,-0.009081043303012848,0.042639657855033875,0.20160062611103058,0.3325604498386383,0.6814932227134705,170.06948852539062,0.8728323578834534,0.9294826984405518,0.8822016716003418
02502A26.jpg,Oval,2,low,1.1969759464263916,0.758872926235199,0.4826638400554657,0.3079504668712616,0.31513166427612305,0.3770754933357239,144.74969482421875,0.25129351019859314,0.183546245098114,5.588098526000977,0.035711225122213364,0.1320047229528427,0.9811602830886841,0.2925738990306854,0.42502039670944214,12.456228256225586,0.1329202950000763,0.0619940385222435,1.5852437019348145,-0.004581961315125227,0.03664088621735573,0.18000514805316925,0.2754954695701599,0.462751179933548,170.2192840576172,0.8674833178520203,0.9016466736793518,0.928417980670929
04551A35.jpg,Heart,0,low,1.340149998664856,0.8314226269721985,0.5335385203361511,0.29157575964927673,0.28626421093940735,0.42691123485565186,138.61502075195312,0.22805389761924744,0.19329702854156494,6.882306098937988,0.02957991324365139,0.1355065405368805,1.028045892715454,0.25505468249320984,0.43700361251831055,7.497267723083496,0.14455530047416687,0.08970943838357925,1.456085205078125,0.011588392779231071,0.04363256320357323,0.18291442096233368,0.34046271443367004,0.5557864904403687,170.09901428222656,0.7866324782371521,0.9144991040229797,0.8909764885902405
01021A17.jpg,Oval,2,low,1.2944302558898926,0.7824869155883789,0.4942767322063446,0.31988126039505005,0.3252994120121002,0.356492817401886,145.33627319335938,0.24946393072605133,0.20348575711250305,8.837074279785156,0.03526873514056206,0.12584315240383148,1.0308942794799805,0.30619415640830994,0.43533164262771606,17.67268180847168,0.12810517847537994,0.0654129609465599,1.4459956884384155,0.019206466153264046,0.03639823943376541,0.19546060264110565,0.351505845785141,0.38794225454330444,167.1436004638672,0.8832515478134155,0.9198902249336243,0.9412687420845032
01931A24.jpg,Round,3,low,1.1489826440811157,0.7449365854263306,0.4683230221271515,0.3457496166229248,0.3209332525730133,0.3335481882095337,146.99978637695312,0.2591990530490875,0.20073865354061127,8.52655029296875,0.038585830479860306,0.13604161143302917,0.7786375284194946,0.3003685474395752,0.26229652762413025,4.642714023590088,0.09073635190725327,0.0960545465350151,1.4984277486801147,0.009598887525498867,0.03584976866841316,0.19347937405109406,0.3693042993545532,0.5355660319328308,166.79058837890625,0.8907044529914856,0.9046126008033752,0.9359221458435059
06749A59.jpg,Round,3,low,1.3130669593811035,0.8160884976387024,0.5218213796615601,0.28273120522499084,0.2727909982204437,0.4455777108669281,136.13983154296875,0.2623683512210846,0.1734941452741623,1.1858558654785156,0.029614288359880447,0.14517760276794434,0.8877357840538025,0.23519589006900787,0.397111713886261,-2.0617237091064453,0.19319914281368256,0.07761883735656738,1.6088875532150269,-0.015468706376850605,0.041407618671655655,0.1802259236574173,0.18134324252605438,0.7517271041870117,171.27325439453125,0.8277838826179504,0.9002891778945923,0.8621835112571716
02691A27.jpg,Round,3,low,1.2715562582015991,0.8149557709693909,0.5050675868988037,0.31583380699157715,0.3052854537963867,0.3795715570449829,140.95338439941406,0.24698001146316528,0.18939104676246643,5.538815498352051,0.0335320308804512,0.12944526970386505,1.1417148113250732,0.2817296087741852,0.49982136487960815,12.346381187438965,0.14278094470500946,0.04549376666545868,1.5340099334716797,0.007822596468031406,0.0345730297267437,0.17740853130817413,0.20145565271377563,0.5661018490791321,169.50918579101562,0.8301505446434021,0.916125476360321,0.9228399395942688
02505A26.jpg,Round,3,low,1.2159497737884521,0.7989944219589233,0.5028565526008606,0.3222220838069916,0.31998077034950256,0.3582959473133087,141.68862915039062,0.27348020672798157,0.19096355140209198,8.194493293762207,0.03412066027522087,0.13848093152046204,0.9002164602279663,0.29881051182746887,0.34271830320358276,3.711566686630249,0.08940377086400986,0.07607604563236237,1.5071200132369995,0.004956976976245642,0.04165983572602272,0.2011590301990509,0.33009278774261475,0.6186331510543823,169.25360107421875,0.8582319021224976,0.9215815663337708,0.933838963508606
03482A30.jpg,Round,3,low,1.2047500610351562,0.8148599863052368,0.5218958854675293,0.3124401867389679,0.3047264516353607,0.3831062912940979,141.47132873535156,0.2572992146015167,0.1957320272922516,8.54336166381836,0.03344591706991196,0.14038752019405365,0.9691690802574158,0.28499358892440796,0.3670859634876251,7.1420159339904785,0.13226249814033508,0.08024943619966507,1.5076746940612793,0.02490152046084404,0.04068398475646973,0.20331008732318878,0.3480086028575897,0.5610883831977844,168.52450561523438,0.8292492032051086,0.910195529460907,0.9352439641952515
11352A42.jpg,Round,3,low,1.0610935688018799,0.8338773846626282,0.5295897126197815,0.2852019667625427,0.29395702481269836,0.42087745666503906,133.6439208984375,0.22513823211193085,0.17155462503433228,0.6225420832633972,0.03673767298460007,0.1617862582206726,1.0061861276626587,0.25835365056991577,0.35490670800209045,1.3220899105072021,0.10354595631361008,0.10964889079332352,1.6051620244979858,-0.01511151809245348,0.037723034620285034,0.15868766605854034,0.06586779654026031,0.6917351484298706,175.30752563476562,0.8011403679847717,0.8854531049728394,0.8788824677467346
10924A38.jpg,Oblong,1,low,1.321945071220398,0.8001546263694763,0.5106579065322876,0.291577011346817,0.302145779132843,0.40909460186958313,142.11660766601562,0.24221061170101166,0.18232925236225128,4.908368110656738,0.033171653747558594,0.15711821615695953,0.9644770622253418,0.27326154708862305,0.36827558279037476,9.75403118133545,0.15208426117897034,0.07946385443210602,1.5560272932052612,-0.005757520906627178,0.04121984541416168,0.19200006127357483,0.26848655939102173,0.5743787884712219,169.14608764648438,0.8587366342544556,0.911846935749054,0.904403030872345
06377A52.jpg,Oval,2,low,1.227339267730713,0.744011640548706,0.4688405990600586,0.3187907934188843,0.30826234817504883,0.37391477823257446,150.5948486328125,0.2383718341588974,0.1941531002521515,8.827709197998047,0.037722114473581314,0.15517613291740417,1.0829070806503296,0.2885431945323944,0.4252583086490631,20.212778091430664,0.1586504876613617,0.05301765725016594,1.5151063203811646,0.011329029686748981,0.04443984478712082,0.1921761929988861,0.3411025106906891,0.5304370522499084,165.35768127441406,0.897449791431427,0.917805016040802,0.9360312223434448
10251A34.jpg,Round,3,low,1.3019523620605469,0.8231137990951538,0.5321885347366333,0.2864307761192322,0.31707704067230225,0.3999612033367157,138.54815673828125,0.24952258169651031,0.1872003972530365,2.83069109916687,0.03164133429527283,0.17729593813419342,0.9641759991645813,0.28316351771354675,0.340751051902771,1.15975022315979,0.07096830010414124,0.12148862332105637,1.5199300050735474,-0.03119794651865959,0.04578455537557602,0.20186400413513184,0.3306376039981842,0.8238062858581543,172.28443908691406,0.8375483751296997,0.9213417172431946,0.8930432796478271
12389A55.jpg,Square,4,low,1.1260528564453125,0.7818540930747986,0.49902087450027466,0.28617924451828003,0.2893146872520447,0.425548791885376,140.12437438964844,0.2322760969400406,0.17096416652202606,1.7090518474578857,0.035927679389715195,0.18812799453735352,0.9381936192512512,0.25185781717300415,0.3180680274963379,0.4523773193359375,0.1398501843214035,0.11056790500879288,1.5918641090393066,-0.023820029571652412,0.0458902046084404,0.17888711392879486,0.22868123650550842,0.5860379338264465,171.5172576904297,0.8253250122070312,0.8952520489692688,0.8705323934555054
07773A08.jpg,Round,3,low,1.1597952842712402,0.7432264685630798,0.47328945994377136,0.3129882514476776,0.29852068424224854,0.388785719871521,146.06292724609375,0.24464184045791626,0.19240880012512207,3.272387981414795,0.03628869354724884,0.1424688696861267,0.8738576769828796,0.27105411887168884,0.27555856108665466,-3.2205729484558105,0.10164333134889603,0.10252395272254944,1.5352903604507446,-0.0055309925228357315,0.036372628062963486,0.18613018095493317,0.32582056522369385,0.6698833703994751,169.01683044433594,0.8865622282028198,0.9022397398948669,0.9079911112785339
13189A76.jpg,Oblong,1,low,1.2993438243865967,0.8048579692840576,0.5197741389274597,0.28802576661109924,0.3061160743236542,0.40586057305336,139.79904174804688,0.27535784244537354,0.1723504364490509,2.791696548461914,0.0324716679751873,0.14705051481723785,0.8793344497680664,0.27092066407203674,0.36885735392570496,0.7130192518234253,0.07587731629610062,0.1273481547832489,1.6873167753219604,-0.023151801899075508,0.037455614656209946,0.20476557314395905,0.267727792263031,0.6856422424316406,171.18470764160156,0.8585982918739319,0.912245512008667,0.8850259184837341
03022A28.jpg,Oval,2,low,1.2645998001098633,0.7847252488136292,0.5029454231262207,0.30673375725746155,0.2943287491798401,0.3993787169456482,149.07473754882812,0.2548505663871765,0.20514777302742004,6.855817794799805,0.033760275691747665,0.1272009313106537,1.0438482761383057,0.27296701073646545,0.45748499035835266,18.584720611572266,0.15082412958145142,0.07139188051223755,1.5163451433181763,0.021215615794062614,0.036256588995456696,0.20399822294712067,0.2929950952529907,0.4236961007118225,165.02957153320312,0.879265308380127,0.9256077408790588,0.9274222254753113
12119A51.jpg,Oblong,1,low,1.2070165872573853,0.8180366158485413,0.5316768288612366,0.2656533718109131,0.285734087228775,0.4488953649997711,136.1822967529297,0.2427244782447815,0.16228093206882477,1.7281776666641235,0.03248147293925285,0.13167643547058105,0.9579786062240601,0.24838551878929138,0.3451671600341797,-5.685003280639648,0.12507998943328857,0.10187508165836334,1.7148059606552124,-0.03284982964396477,0.03701397404074669,0.1785966008901596,0.2426985651254654,0.7664774060249329,172.84072875976562,0.8322564363479614,0.8900366425514221,0.8692890405654907
04051A33.jpg,Round,3,low,1.3189746141433716,0.8033701181411743,0.5227020382881165,0.28212031722068787,0.29209333658218384,0.4288286566734314,142.37701416015625,0.2390214055776596,0.17643633484840393,4.131654739379883,0.031195150688290596,0.12321437895298004,0.9960809946060181,0.26360270380973816,0.40779581665992737,11.852425575256348,0.15778887271881104,0.06908358633518219,1.6081218719482422,-0.01520074438303709,0.034006256610155106,0.1783675253391266,0.2626655101776123,0.6563600897789001,166.5043487548828,0.8414760828018188,0.9062147736549377,0.902460515499115
09282A29.jpg,Oblong,1,low,1.2544615268707275,0.8120318055152893,0.5295549631118774,0.27528518438339233,0.27311912178993225,0.4517955482006073,134.9186553955078,0.2913050651550293,0.18877586722373962,0.7285808324813843,0.028511449694633484,0.15608087182044983,0.8936969637870789,0.2298128604888916,0.412217378616333,-4.605000019073486,0.11612176895141602,0.1132919043302536,1.6091848611831665,-0.03276786580681801,0.04361274838447571,0.20193065702915192,0.23415885865688324,0.8089514374732971,175.31263732910156,0.8639417886734009,0.9326453804969788,0.8414382338523865
04727A36.jpg,Round,3,low,1.1363123655319214,0.7831839919090271,0.49645116925239563,0.32951799035072327,0.32977059483528137,0.34072133898735046,143.68780517578125,0.2647925019264221,0.19661033153533936,8.682671546936035,0.03721502050757408,0.14627514779567719,0.8657910227775574,0.31037217378616333,0.37372201681137085,10.369047164916992,0.12333284318447113,0.07269446551799774,1.5027858018875122,0.021192893385887146,0.04333972930908203,0.2041844129562378,0.3215639591217041,0.47145214676856995,167.75538635253906,0.8851979374885559,0.9164018034934998,0.9411759376525879
05355A41.jpg,Oval,2,low,1.3154139518737793,0.8244799375534058,0.5303455591201782,0.30728235840797424,0.2872290313243866,0.4073423743247986,139.33401489257812,0.24913549423217773,0.18957562744617462,6.877206802368164,0.03003387711942196,0.13866037130355835,0.9293309450149536,0.25665566325187683,0.3911823332309723,4.0729217529296875,0.09911063313484192,0.09847786277532578,1.4973342418670654,0.008565735071897507,0.040100064128637314,0.1801886260509491,0.2673278748989105,0.614359438419342,170.5203399658203,0.7890433073043823,0.9200208783149719,0.8935574889183044
10024A33.jpg,Oblong,1,high,1.3387292623519897,0.7789929509162903,0.5009481310844421,0.31128862500190735,0.2893076539039612,0.4023699164390564,140.717529296875,0.2728360891342163,0.2015955150127411,3.2244842052459717,0.032202597707509995,0.14829635620117188,0.8965652585029602,0.25433585047721863,0.3504907190799713,-3.9591002464294434,0.11404590308666229,0.11330297589302063,1.514624834060669,-0.0038285651244223118,0.039761438965797424,0.2097312957048416,0.29219886660575867,0.7039550542831421,172.61550903320312,0.8699808120727539,0.9242380261421204,0.8791189789772034
09951A33.jpg,Square,4,low,1.2002149820327759,0.8155527710914612,0.5245276093482971,0.29730457067489624,0.29058149456977844,0.4123583137989044,135.685791015625,0.22795577347278595,0.18157263100147247,6.550706386566162,0.0369417704641819,0.1481468826532364,0.980118453502655,0.25729790329933167,0.3417033553123474,-3.6587867736816406,0.08019767701625824,0.11161898821592331,1.6064962148666382,0.0011822336819022894,0.03763343766331673,0.18169687688350677,0.2897890508174896,0.7739306688308716,173.63409423828125,0.8586857318878174,0.8969753980636597,0.8854585886001587
05491A42.jpg,Round,3,low,1.1932847499847412,0.7730082273483276,0.48620161414146423,0.3292970657348633,0.31861838698387146,0.35287490487098694,145.0946502685547,0.2475169450044632,0.1897687464952469,7.841029167175293,0.035956818610429764,0.1289450079202652,0.9436019659042358,0.2984253168106079,0.35186824202537537,8.463726997375488,0.10952642560005188,0.1013067215681076,1.5170602798461914,0.019557226449251175,0.04144804924726486,0.17310120165348053,0.3246353566646576,0.5547162890434265,167.6449432373047,0.8488950133323669,0.9072913527488708,0.9366230964660645
07302A77.jpg,Oblong,1,low,1.1754610538482666,0.8067996501922607,0.5248769521713257,0.2767689526081085,0.2686755955219269,0.4546970725059509,134.75294494628906,0.2590622007846832,0.17875652015209198,1.347485899925232,0.030069321393966675,0.14263111352920532,0.8764474391937256,0.22451815009117126,0.31136974692344666,-1.2142928838729858,0.07891528308391571,0.13710154592990875,1.5828280448913574,-0.029188673943281174,0.039752308279275894,0.18618889153003693,0.27878156304359436,0.9659697413444519,174.60260009765625,0.8105459809303284,0.8982826471328735,0.835647702217102
08096A13.jpg,Round,3,low,1.178594946861267,0.808112621307373,0.5206952691078186,0.29580992460250854,0.2913258671760559,0.4137631952762604,139.5263671875,0.27056095004081726,0.1970948427915573,2.6561102867126465,0.034375812858343124,0.16342712938785553,1.0071840286254883,0.26095104217529297,0.41964584589004517,4.466055870056152,0.14685456454753876,0.07980144768953323,1.5058422088623047,-0.007908605970442295,0.03309907019138336,0.1985844224691391,0.0703035220503807,0.5162605047225952,171.8694305419922,0.8663560748100281,0.913509726524353,0.8957359194755554
08513A22.jpg,Oblong,1,low,1.2912166118621826,0.784256637096405,0.5084933638572693,0.30519482493400574,0.31780895590782166,0.3770250976085663,144.49264526367188,0.2563374638557434,0.1875833123922348,5.435403347015381,0.0360763855278492,0.15202876925468445,1.0018752813339233,0.29219740629196167,0.38116076588630676,1.9673528671264648,0.10276735574007034,0.09862761944532394,1.5878758430480957,0.005157539155334234,0.037499312311410904,0.1920766979455948,0.23493024706840515,0.5528960227966309,170.5760040283203,0.8780179619789124,0.9155756831169128,0.9194121360778809
04006A33.jpg,Round,3,low,1.2621921300888062,0.8088258504867554,0.5244346261024475,0.2905122637748718,0.2795581817626953,0.4328717291355133,140.11990356445312,0.2600899636745453,0.19420573115348816,6.634766578674316,0.03030659444630146,0.1276852786540985,1.090829849243164,0.2521938979625702,0.4749603867530823,11.418375968933105,0.1760588139295578,0.08242538571357727,1.4724479913711548,0.011454261839389801,0.0364222452044487,0.19394752383232117,0.2986834645271301,0.571938693523407,170.6279754638672,0.8353602886199951,0.9190534353256226,0.9021159410476685
08615A23.jpg,Oblong,1,low,1.277174472808838,0.810003399848938,0.524393618106842,0.2995789051055908,0.3118981122970581,0.3886728882789612,138.66024780273438,0.2611171305179596,0.19151581823825836,3.4917099475860596,0.03470022231340408,0.144012913107872,0.899543285369873,0.2827722728252411,0.3441077172756195,-2.0923476219177246,0.12575851380825043,0.09709170460700989,1.5548168420791626,0.00352403218857944,0.04001986235380173,0.1998971402645111,0.2802385687828064,0.6092334389686584,170.95452880859375,0.8751000165939331,0.9116633534431458,0.9066175222396851
06777A60.jpg,Round,3,low,1.1933958530426025,0.8329219222068787,0.5392405390739441,0.2966235876083374,0.30497586727142334,0.3985845446586609,135.23985290527344,0.2593523859977722,0.17360912263393402,3.686352014541626,0.033473193645477295,0.1369967758655548,1.0342092514038086,0.27679872512817383,0.40574440360069275,8.691959381103516,0.14571700990200043,0.0807691439986229,1.6429548263549805,-0.0042523168958723545,0.036261219531297684,0.18794649839401245,0.1709880530834198,0.5408334136009216,171.02224731445312,0.8524463772773743,0.9135972857475281,0.9076086282730103
01641A22.jpg,Round,3,low,1.319379210472107,0.7620158195495605,0.5015074610710144,0.28449755907058716,0.27619457244873047,0.44065946340560913,147.41217041015625,0.25109729170799255,0.1888037621974945,5.115828990936279,0.030662676319479942,0.1333375722169876,0.9886154532432556,0.24701988697052002,0.40930014848709106,9.747879028320312,0.21418310701847076,0.059306610375642776,1.5572937726974487,-0.0026084070559591055,0.037150245159864426,0.1862557828426361,0.26111799478530884,0.6833857297897339,166.55856323242188,0.8524792194366455,0.9124819040298462,0.8943691253662109
09563A31.jpg,Square,4,low,1.2907657623291016,0.8166480660438538,0.5327438712120056,0.29986318945884705,0.3038342297077179,0.39788758754730225,142.32522583007812,0.2644319534301758,0.1865455061197281,6.774129390716553,0.03308522328734398,0.13031858205795288,0.9393806457519531,0.278929740190506,0.312931627035141,4.110908031463623,0.11930960416793823,0.09489971399307251,1.5915660858154297,0.012361329048871994,0.03635052964091301,0.19816677272319794,0.2734385132789612,0.5553649663925171,168.66757202148438,0.8568357229232788,0.9180505871772766,0.918032705783844
01058A17.jpg,Oblong,1,low,1.192410945892334,0.7753362059593201,0.5089432597160339,0.29680168628692627,0.30874109268188477,0.3944750726222992,144.2087860107422,0.2767890989780426,0.1835777461528778,7.479826927185059,0.03630325570702553,0.12593486905097961,0.9282426238059998,0.2828071415424347,0.37209466099739075,-0.21850144863128662,0.14499695599079132,0.07741353660821915,1.5633841753005981,0.012966831214725971,0.03415650501847267,0.19814148545265198,0.31554678082466125,0.5497745275497437,169.61692810058594,0.8675814867019653,0.8961710333824158,0.9160009622573853
11361A42.jpg,Round,3,low,1.2373626232147217,0.8197565078735352,0.513172447681427,0.31244590878486633,0.26863333582878113,0.41923075914382935,135.3983612060547,0.24077443778514862,0.16640694439411163,6.418512344360352,0.030784310773015022,0.13077205419540405,0.9889670610427856,0.238484725356102,0.3635888993740082,-0.20643937587738037,0.10692392289638519,0.09391234815120697,1.6583296060562134,-0.00424729660153389,0.04096657410264015,0.1673329919576645,0.29144009947776794,0.5261386632919312,172.16387939453125,0.79384446144104,0.8895861506462097,0.887770414352417
03988A32.jpg,Oblong,1,low,1.3294779062271118,0.7975709438323975,0.5140411853790283,0.29823485016822815,0.30142131447792053,0.4024854600429535,147.54290771484375,0.26626601815223694,0.19199933111667633,6.024446964263916,0.03314302861690521,0.14030387997627258,1.0051723718643188,0.27766504883766174,0.4829159677028656,19.2691707611084,0.1817878633737564,0.07092846184968948,1.5398691892623901,0.013520892709493637,0.03669073432683945,0.20803852379322052,0.25918105244636536,0.5624504089355469,165.26011657714844,0.8668750524520874,0.9199724793434143,0.9211857914924622
03810A32.jpg,Round,3,low,1.4041866064071655,0.8053339719772339,0.5190293192863464,0.3083685338497162,0.32940179109573364,0.37251991033554077,145.5247802734375,0.2575669288635254,0.21409207582473755,8.928468704223633,0.03224002197384834,0.14310261607170105,1.0033899545669556,0.3078615665435791,0.3842315971851349,10.975330352783203,0.09457919746637344,0.10791055113077164,1.4143040180206299,0.002142742509022355,0.04480687528848648,0.20884637534618378,0.40470340847969055,0.6310492753982544,166.15338134765625,0.8925841450691223,0.9253473281860352,0.9346080422401428
